Docs	Clickbait	Racism	Violence
N55528	1	0	0
N19639	1	0	0
N61837	0	0	1
N53526	0	0	0
N38324	0	0	0
N2073	0	0	0
N49186	0	0	0
N59295	0	0	1
N24510	0	0	0
N39237	0	0	0
N9721	1	0	0
N60905	0	0	0
N39758	1	0	0
N28361	0	0	0
N18680	0	0	0
N55610	0	0	0
N35621	1	0	0
N22850	0	0	0
N58173	1	0	0
N29120	0	0	0
N9786	0	0	0
N47705	1	0	1
N3574	0	0	0
N42474	0	0	0
N64498	0	0	0
N7517	0	0	0
N63665	1	0	0
N59469	0	0	0
N57356	0	0	0
N15926	0	0	0
N43620	0	0	0
N60603	0	0	1
N40078	0	0	0
N61409	0	0	0
N46013	0	0	0
N50643	0	0	0
N60723	0	0	0
N63175	0	0	0
N22028	1	0	0
N8795	1	0	0
N43647	0	0	0
N41835	0	0	1
N8071	0	0	0
N26926	0	0	0
N49265	0	0	0
N5124	0	0	0
N42777	0	0	0
N41387	0	0	0
N41106	0	0	0
N37243	0	0	0
N20139	1	0	0
N9680	1	0	0
N35518	0	0	0
N60434	0	0	0
N48239	0	0	0
N40045	0	0	0
N43946	0	0	0
N10836	1	0	0
N49585	0	0	0
N24798	1	0	0
N64668	1	0	0
N27435	0	0	0
N3395	0	0	0
N53133	0	0	0
N30702	0	0	0
N14538	1	0	0
N37188	1	0	0
N1032	0	0	0
N30953	0	0	0
N10886	0	0	0
N52386	0	0	0
N22218	0	0	0
N57388	0	0	0
N30389	1	0	0
N16104	0	0	0
N25540	0	0	0
N51343	1	0	0
N60774	1	0	0
N37129	1	0	0
N64723	0	0	0
N3080	0	0	0
N40494	1	0	0
N15839	0	0	0
N19163	0	0	0
N13343	1	0	0
N60852	0	0	0
N61864	0	0	0
N36064	0	0	0
N35788	0	0	0
N61167	0	0	0
N27190	0	0	0
N9035	0	0	0
N19651	0	0	0
N22957	0	0	0
N63006	1	0	0
N5159	0	0	0
N47685	0	0	0
N44720	0	0	1
N55024	0	0	0
N44162	0	0	0
N52683	1	0	0
N8185	0	0	0
N1358	0	0	0
N39817	0	0	0
N54799	0	0	0
N34169	1	0	0
N33303	0	0	0
N51340	0	0	0
N46021	0	0	0
N13855	0	0	0
N16556	0	0	0
N22679	0	0	0
N24423	0	0	0
N20084	0	0	0
N18393	1	0	0
N7141	0	0	0
N11663	0	0	0
N55435	0	0	0
N39173	0	0	0
N33874	0	0	0
N44661	0	0	0
N41976	0	0	0
N36820	0	0	0
N54727	1	0	0
N11683	0	0	0
N19401	0	0	0
N31442	0	0	0
N47214	0	0	0
N31402	0	0	0
N61358	0	0	0
N48632	0	0	0
N57699	0	0	1
N27214	0	0	0
N25174	0	0	0
N51426	0	0	0
N41013	0	0	0
N19888	0	0	1
N45191	1	0	0
N60535	0	0	0
N47600	0	0	0
N35318	1	0	0
N11360	0	0	0
N13566	0	0	0
N24417	0	0	0
N59891	0	0	1
N30236	0	0	0
N64593	0	0	0
N45970	0	0	1
N54542	0	0	0
N30290	0	0	0
N51844	0	0	0
N7992	1	0	0
N49374	0	0	0
N14176	0	0	0
N60584	1	0	0
N10	0	0	0
N46830	0	0	0
N41147	1	0	0
N61914	0	0	0
N21253	0	0	0
N24905	0	0	0
N65207	0	0	0
N16430	0	0	0
N35616	0	0	0
N23386	0	0	0
N43484	1	0	0
N59794	1	0	0
N15483	0	0	0
N62736	0	0	1
N35080	0	0	0
N19146	0	0	0
N17041	0	0	0
N48072	0	0	1
N18287	1	0	0
N41146	0	0	0
N31161	0	0	0
N37461	1	0	0
N39490	0	0	0
N8691	0	0	0
N26444	0	0	0
N30868	0	0	0
N56406	0	0	0
N56618	0	1	0
N5373	0	0	0
N36464	0	0	1
N38308	1	0	0
N12440	0	0	0
N2540	0	0	0
N42716	0	0	0
N39638	0	0	0
N24900	1	0	1
N9947	0	0	0
N25567	0	0	1
N25205	1	0	0
N61681	1	0	0
N59709	0	0	0
N57930	0	0	0
N9013	0	0	0
N15651	0	0	0
N63682	0	0	0
N51784	0	0	0
N41869	0	0	0
N13882	0	0	0
N6258	0	0	0
N27641	0	0	0
N50246	0	0	0
N60798	0	0	0
N37423	0	0	0
N23937	0	0	0
N43734	0	0	0
N11593	0	0	0
N27715	0	0	0
N23874	0	0	0
N3565	0	0	0
N26766	0	0	0
N61203	0	0	0
N1244	0	0	0
N9774	0	0	0
N10538	0	0	1
N20833	0	0	0
N5815	0	0	0
N46851	0	0	0
N59874	0	0	0
N19513	0	0	0
N3649	0	0	0
N6632	0	0	0
N28561	0	0	0
N25024	0	0	0
N41208	0	0	0
N61178	0	0	0
N4015	0	0	0
N4586	0	0	0
N32515	0	0	0
N4147	0	0	0
N58146	1	0	0
N34122	0	0	0
N3528	1	0	0
N39809	0	0	0
N1810	0	0	0
N14042	0	0	0
N12081	1	0	0
N58073	0	0	0
N27287	0	0	1
N48549	0	0	0
N52529	0	0	0
N16077	0	0	0
N27063	1	0	1
N13305	0	0	0
N7348	0	0	0
N49134	0	0	0
N34722	1	0	0
N5599	0	0	0
N49830	0	0	0
N36911	0	0	0
N27394	0	0	0
N65217	0	0	0
N49369	0	0	0
N64413	0	0	0
N37414	0	0	0
N27137	1	0	0
N34406	0	0	0
N9	0	0	0
N15254	0	0	0
N33161	0	0	0
N55248	0	0	0
N7771	0	0	0
N30781	0	0	0
N31552	0	0	0
N30344	0	0	0
N19490	0	0	0
N48774	0	0	0
N39751	0	0	0
N17108	0	0	0
N28035	0	0	0
N49198	0	0	0
N28442	0	0	0
N62084	0	0	0
N5754	1	0	0
N60941	1	0	0
N19262	0	0	0
N20723	1	0	0
N35774	0	0	0
N43916	1	0	0
N20513	0	0	0
N8798	1	0	0
N10376	0	0	0
N24868	0	0	0
N7951	0	0	1
N60467	0	0	0
N58332	0	0	0
N18885	1	0	0
N21041	0	0	0
N16032	0	0	0
N21936	0	0	0
N27822	0	0	1
N44133	0	0	0
N61079	0	0	0
N55625	0	0	0
N46832	0	0	0
N44959	1	0	0
N17286	0	0	0
N56461	0	0	0
N7362	1	0	0
N51425	0	0	0
N20743	0	0	0
N21383	0	0	0
N30012	0	0	0
N38397	0	0	0
N33942	0	0	0
N56840	0	0	0
N10122	0	0	0
N50158	0	0	0
N1586	0	0	0
N32006	0	0	0
N9900	0	0	0
N46688	0	0	0
N6536	0	0	0
N24153	0	0	0
N3570	0	0	0
N7182	0	0	0
N50742	1	0	0
N25631	1	0	0
N19028	0	0	0
N51601	0	0	0
N38633	0	0	0
N11161	0	0	0
N47866	0	0	0
N45493	0	0	0
N32907	1	0	0
N17602	0	0	0
N65225	0	0	0
N49505	0	0	0
N57991	0	1	0
N45908	1	0	0
N54975	0	0	0
N42669	0	0	0
N58551	0	0	0
N54064	0	0	0
N46428	0	0	0
N4021	0	0	0
N59255	0	0	0
N17430	0	0	1
N25604	0	0	0
N63270	0	0	0
N59271	0	0	0
N59418	0	0	0
N34242	0	0	0
N63651	1	0	0
N37957	0	0	0
N33458	0	0	0
N18854	0	0	0
N22033	0	0	0
N61084	0	0	0
N228	0	0	0
N12987	1	0	0
N20818	0	0	0
N31633	0	0	0
N4489	0	0	0
N12676	1	0	0
N42607	1	0	1
N18012	0	0	0
N33521	0	0	0
N50208	1	0	0
N42908	0	0	0
N47966	0	0	0
N55337	0	0	0
N5485	0	0	0
N39336	0	0	1
N33371	1	0	0
N16764	0	0	0
N732	1	0	0
N31527	1	0	0
N14607	1	0	0
N48806	0	0	0
N43467	0	0	0
N50299	0	0	0
N10220	0	0	0
N1734	1	0	0
N20106	0	0	1
N57075	0	0	1
N21311	0	0	0
N37736	0	0	0
N62787	1	0	0
N49363	0	0	0
N20620	0	0	0
N47287	0	0	0
N39535	0	0	1
N21243	0	0	0
N38578	0	0	0
N47123	1	0	0
N12638	0	0	0
N54623	0	0	0
N42227	0	0	0
N43966	0	0	0
N49375	0	0	0
N58574	0	0	0
N6950	1	0	0
N7716	0	0	0
N32749	0	0	0
N44066	0	0	0
N6191	0	0	0
N56558	0	0	1
N42524	0	0	0
N43138	0	0	0
N41257	0	0	0
N7403	0	0	1
N61727	0	0	0
N19103	0	0	0
N39843	0	0	0
N48320	0	0	0
N40684	0	0	0
N22256	0	0	0
N25041	0	0	0
N8182	0	0	0
N60933	0	0	0
N2955	1	0	0
N3870	0	0	1
N29893	0	0	0
N63734	0	0	1
N52528	0	0	1
N59449	0	0	0
N12188	0	0	0
N18753	0	0	1
N45174	0	0	0
N34240	0	0	0
N4303	1	0	1
N34233	0	0	0
N543	0	0	0
N29745	0	0	0
N42994	0	0	0
N57131	1	0	0
N28535	0	0	0
N44238	1	0	0
N62150	0	0	0
N12612	1	0	0
N59291	0	0	0
N32227	0	0	0
N34645	0	0	0
N51027	0	0	0
N24866	0	0	1
N19552	1	0	0
N18760	0	0	0
N18819	0	0	0
N13225	0	0	0
N24427	0	0	0
N60739	0	0	0
N24132	0	0	1
N52800	0	0	0
N49981	0	0	0
N7748	0	0	0
N46662	0	0	0
N39718	0	0	0
N58637	0	0	0
N7368	0	0	0
N54624	0	0	1
N62418	0	0	0
N29621	0	0	0
N61483	0	0	0
N4295	1	0	0
N20148	0	0	0
N64278	0	0	0
N43092	0	0	0
N7180	0	0	1
N58210	0	0	0
N20588	1	0	0
N59137	0	0	1
N41212	0	0	1
N40642	1	0	0
N58730	0	0	0
N64130	0	0	0
N21526	0	0	0
N54783	0	0	0
N36390	0	0	0
N44573	0	0	0
N13693	0	0	1
N10398	0	0	0
N25127	1	0	0
N13712	0	0	0
N52293	0	0	1
N43677	1	0	0
N43465	0	0	0
N30194	0	0	0
N27667	0	0	0
N3270	0	0	0
N53353	0	0	0
N36457	0	0	0
N8610	1	0	0
N35585	0	0	0
N30965	0	0	0
N59437	0	0	0
N1606	0	0	0
N4570	0	0	0
N37987	1	0	0
N54012	0	0	0
N44438	0	0	0
N40813	0	0	0
N47357	0	1	0
N9138	0	0	0
N4978	0	0	0
N2770	0	0	0
N3906	0	0	0
N29824	0	0	0
N14720	0	0	0
N21453	0	0	0
N2336	0	0	0
N34300	1	0	0
N32180	0	0	0
N51363	0	0	0
N1145	0	0	0
N34544	0	0	0
N52876	0	0	0
N44940	0	0	0
N57751	0	0	0
N26634	0	0	0
N19818	1	0	0
N32202	0	0	0
N5551	0	0	0
N35993	0	0	0
N36357	0	0	0
N24959	0	0	0
N29740	0	0	0
N62357	0	0	1
N45102	0	0	0
N38064	0	0	0
N49210	0	0	0
N49345	0	0	0
N31851	0	0	0
N47341	0	0	0
N36630	1	0	0
N55663	0	0	0
N53095	0	0	0
N30886	0	0	0
N47699	0	0	1
N31637	0	0	0
N30816	0	0	0
N44067	0	0	0
N18908	0	0	0
N64215	0	0	0
N56359	0	0	0
N39032	1	0	0
N38336	1	0	0
N21744	0	0	0
N6288	0	0	0
N18929	0	0	0
N46858	1	0	0
N53570	1	0	0
N49907	0	0	1
N33853	0	0	0
N46454	0	0	0
N30766	0	0	0
N30891	0	0	0
N48304	0	0	0
N46397	0	0	0
N4681	0	0	0
N41648	0	0	0
N23198	0	0	0
N1398	0	0	1
N62982	0	0	0
N28406	1	0	0
N29569	0	0	0
N24416	0	0	0
N62092	0	0	0
N45715	0	0	0
N21185	0	0	0
N14028	0	0	0
N28552	0	0	0
N13843	0	0	0
N25873	0	0	0
N16521	0	0	0
N16029	0	0	0
N61456	0	0	0
N32593	0	0	0
N27013	1	0	0
N8753	0	0	0
N34930	0	0	0
N11348	0	0	0
N19312	0	0	0
N14641	0	0	0
N5003	0	0	1
N2193	0	0	0
N15976	0	0	0
N11350	0	0	0
N21491	0	0	0
N44436	0	0	1
N14505	0	0	0
N37766	0	0	0
N46950	0	0	0
N17423	0	0	0
N18936	0	0	0
N7234	0	0	0
N28111	0	0	0
N1459	0	0	0
N31444	0	0	0
N60392	0	0	0
N63577	0	0	0
N41860	0	0	0
N7941	0	0	0
N26632	0	0	0
N16384	0	0	0
N4972	0	0	0
N54786	0	0	0
N4209	0	0	0
N57899	0	0	0
N8370	0	0	0
N51077	0	0	0
N7645	1	0	0
N41357	0	0	0
N17621	0	0	0
N19495	0	0	0
N26584	0	0	1
N61119	0	0	0
N33570	0	0	0
N21112	0	0	0
N57552	0	0	1
N476	1	0	0
N10935	0	0	0
N53879	0	0	0
N22505	0	0	0
N23088	1	0	0
N48422	0	0	0
N5249	0	0	0
N4435	0	0	0
N62427	0	0	0
N7004	0	0	0
N10280	0	0	0
N5195	0	0	0
N40032	1	0	0
N45225	0	0	0
N34048	1	0	0
N18005	1	0	0
N46596	0	0	0
N35791	1	0	0
N14335	0	0	1
N54843	0	0	0
N57119	0	0	0
N34322	0	0	0
N7895	0	0	0
N8263	0	0	0
N32502	0	0	0
N10270	0	0	0
N5978	1	0	0
N42660	0	0	0
N21136	1	0	0
N15424	0	0	0
N33800	0	0	0
N91	0	0	0
N62758	0	0	0
N38014	0	0	0
N26401	0	0	0
N62582	0	0	0
N11258	0	0	0
N37756	0	0	0
N29960	0	0	0
N15416	0	0	0
N520	0	0	0
N9648	0	0	0
N27503	0	0	1
N61433	0	0	0
N17055	1	0	0
N55526	1	0	0
N3908	1	0	0
N32247	0	0	0
N38528	0	0	0
N27289	0	0	0
N44396	1	0	0
N3325	1	0	0
N19297	1	0	0
N52508	0	0	0
N60065	0	0	0
N217	0	0	0
N14639	0	0	0
N2329	0	0	0
N58304	1	0	0
N37026	0	0	0
N48701	0	0	0
N33764	0	0	0
N6058	0	0	0
N50652	0	0	0
N50985	0	0	0
N54726	0	0	0
N38035	1	0	1
N25518	0	0	0
N61157	1	0	0
N8571	0	0	0
N28287	0	0	1
N17188	0	0	0
N46534	0	0	0
N31254	0	0	0
N48194	0	0	0
N12737	0	0	0
N51949	0	0	0
N6357	0	0	1
N20725	0	0	0
N14418	1	0	0
N21002	0	0	1
N20244	0	0	0
N43035	0	0	0
N48044	0	0	1
N11367	0	0	0
N40974	0	0	0
N60825	0	0	0
N33071	0	0	1
N55231	0	0	0
N39529	0	0	0
N38975	0	0	0
N25519	0	0	0
N33584	1	0	0
N389	0	0	0
N18516	1	0	0
N53286	0	0	0
N8041	1	0	0
N47005	0	0	1
N57265	0	0	0
N44681	0	0	0
N48330	0	0	0
N7607	0	0	0
N56616	1	0	0
N21486	0	0	0
N7128	0	0	0
N13535	0	0	0
N27132	0	0	0
N58547	0	0	0
N7412	0	0	1
N37694	0	0	0
N35102	0	0	0
N39624	1	0	0
N12452	0	0	0
N19894	0	0	0
N46288	0	0	0
N20862	0	0	0
N4499	0	0	0
N44228	0	0	0
N29278	1	0	0
N49149	0	0	0
N32844	0	0	1
N440	0	0	0
N13194	0	0	0
N3623	0	0	0
N32072	0	0	0
N15905	0	0	0
N26479	0	0	0
N27077	0	0	0
N21746	0	0	0
N1876	0	0	0
N59726	0	0	0
N29702	1	0	0
N46771	0	0	0
N35783	1	0	0
N45165	0	0	0
N30717	0	0	0
N23743	0	0	0
N32547	0	0	0
N10553	0	0	0
N50891	0	0	0
N50788	0	0	0
N59686	0	0	0
N2448	0	0	0
N22006	0	0	0
N28754	0	0	0
N3465	0	0	0
N24763	0	0	0
N44113	0	0	0
N27877	0	0	0
N92	0	0	0
N1644	1	0	0
N1843	0	0	0
N34777	0	0	1
N20303	1	0	0
N51280	0	0	0
N14476	0	0	0
N13833	0	0	0
N27958	0	0	0
N51173	0	0	0
N56789	0	0	0
N964	0	0	0
N20600	0	0	0
N54434	0	0	0
N33667	0	0	0
N15725	0	0	0
N35527	0	0	0
N17888	0	0	0
N704	0	0	0
N24137	0	0	0
N6351	0	0	0
N16480	0	0	0
N20931	0	0	0
N55779	0	0	0
N48000	0	0	0
N40070	0	0	0
N4742	0	0	0
N45606	0	0	0
N56115	0	0	0
N31430	0	0	0
N16844	0	0	0
N20711	0	0	0
N2449	0	0	0
N42916	0	0	0
N54540	1	0	0
N33408	0	0	0
N40802	0	0	0
N53451	0	0	0
N35907	0	0	0
N3912	0	0	0
N42527	1	0	1
N33207	0	0	0
N8767	0	0	0
N50010	0	0	0
N38446	0	0	0
N6163	0	0	0
N11592	0	0	0
N16873	0	0	0
N60669	1	0	0
N44178	0	0	0
N46502	0	0	0
N10013	0	0	0
N14629	0	0	0
N37472	0	0	0
N9220	0	0	0
N34476	0	0	0
N20312	0	0	0
N7212	1	0	0
N18062	0	0	0
N31931	0	0	1
N9615	0	0	0
N35827	0	0	0
N59440	0	0	0
N47186	0	0	0
N46131	0	0	0
N40724	1	0	0
N9868	0	0	0
N30417	0	0	0
N24024	0	0	0
N33604	0	0	0
N8500	0	0	0
N27608	0	0	1
N13061	0	0	0
N18977	0	0	0
N4145	1	0	0
N25300	0	0	0
N59872	0	0	0
N162	0	0	0
N9106	0	0	0
N14341	0	0	0
N11723	0	0	0
N4032	1	0	0
N14442	0	0	0
N47326	0	0	0
N60604	0	0	0
N28119	0	0	0
N31224	0	0	0
N57140	0	0	0
N27395	0	0	0
N5873	0	0	0
N1761	0	0	1
N42421	1	0	0
N60724	0	0	0
N25156	0	0	0
N20393	0	0	0
N54298	0	0	0
N28323	1	0	0
N25180	0	0	0
N4643	0	0	0
N40628	0	0	0
N62539	0	0	0
N59011	0	0	0
N23984	0	0	0
N4236	0	0	1
N60489	0	0	0
N14017	0	0	1
N43462	0	0	0
N51204	0	0	0
N54907	0	0	1
N34721	0	0	0
N12100	0	0	0
N19220	1	0	0
N13746	0	0	0
N64403	0	0	0
N37983	0	0	0
N45955	0	0	0
N49821	0	0	0
N31585	1	0	0
N7503	0	0	0
N41882	0	0	0
N35000	0	0	0
N53688	0	0	0
N46816	0	0	0
N39417	1	1	1
N47868	0	0	1
N45354	0	0	0
N14358	0	0	0
N41643	0	0	0
N122	0	0	1
N45847	0	0	0
N29695	0	0	0
N50048	0	0	0
N13292	0	1	1
N52221	0	0	0
N54405	1	0	0
N40490	1	0	0
N48120	0	0	0
N50187	1	0	0
N10839	0	0	1
N19931	0	0	0
N51409	1	0	0
N50304	0	0	0
N16495	0	0	0
N17771	1	0	0
N8928	0	0	0
N53224	0	0	0
N52018	0	0	1
N40091	0	0	0
N36682	0	0	0
N44047	0	0	0
N30179	0	0	0
N2472	0	0	0
N13104	0	0	0
N39932	1	0	0
N4730	0	0	0
N24343	0	0	0
N54822	1	0	0
N28861	0	0	0
N40447	0	0	0
N44321	0	0	0
N62372	0	0	0
N36300	0	0	0
N8763	0	0	0
N52941	0	0	0
N51736	0	0	0
N49185	0	0	0
N13861	0	0	0
N17009	1	0	0
N2164	0	0	0
N18648	1	0	0
N51238	0	0	0
N39055	0	0	0
N10711	0	0	1
N63049	0	0	0
N21595	0	0	0
N9432	0	0	0
N23833	1	0	0
N63103	0	0	0
N58932	0	0	0
N28392	0	1	0
N48563	0	0	0
N34473	0	0	0
N58090	1	0	0
N13360	0	0	0
N25195	0	0	1
N41998	0	0	0
N59727	0	0	0
N36539	0	0	0
N11678	1	0	0
N2970	0	0	0
N46133	0	0	0
N26029	0	0	0
N58030	0	0	0
N44061	0	0	0
N13560	0	0	0
N60963	0	0	0
N47487	1	0	0
N34536	0	0	0
N38114	0	0	0
N50333	1	0	0
N20248	0	0	1
N8396	0	0	0
N51651	0	0	0
N22133	0	0	0
N42590	0	0	0
N15515	0	0	0
N12599	0	0	0
N45359	0	0	0
N34760	0	0	0
N16103	0	0	0
N64977	0	0	1
N51595	1	0	0
N30612	1	0	0
N24064	0	0	0
N4613	0	0	0
N19615	0	0	0
N57164	0	0	0
N64751	0	0	0
N26394	0	0	1
N52474	1	0	0
N62008	0	0	1
N14219	0	0	0
N56979	0	0	0
N43674	0	0	0
N13705	0	0	0
N40606	0	0	0
N29287	0	0	0
N21476	1	0	0
N41093	0	0	0
N33415	0	0	0
N42317	0	0	0
N39276	0	0	0
N33781	0	0	0
N32146	0	0	0
N8892	1	0	0
N38113	0	0	1
N27984	0	0	1
N44796	1	0	0
N55678	0	0	0
N45440	0	0	0
N13933	1	0	0
N36081	0	0	0
N28823	0	0	0
N16898	0	0	0
N14421	0	0	0
N49914	0	0	1
N8061	0	0	0
N32637	0	0	0
N64763	1	0	0
N45876	0	0	0
N41764	0	0	0
N61248	0	0	0
N16605	0	0	0
N37537	0	0	0
N25400	0	0	0
N47121	0	0	0
N28301	0	0	0
N53734	0	0	0
N16817	0	0	0
N13372	0	0	1
N23503	0	0	1
N59740	0	0	0
N49591	0	0	0
N21737	0	0	1
N16248	0	0	0
N35667	1	0	0
N49425	0	0	0
N60661	0	0	1
N24567	0	0	0
N46231	0	0	0
N8269	0	0	0
N18390	0	0	1
N54848	0	0	0
N16763	0	0	0
N45145	1	0	0
N59637	0	0	1
N21298	0	0	1
N40931	0	0	0
N21611	0	0	0
N58928	0	0	1
N10792	0	0	0
N863	1	0	0
N55440	0	0	0
N12426	0	0	1
N52935	0	0	0
N21275	0	0	0
N25813	1	0	0
N42901	0	0	0
N36663	0	0	0
N46122	0	0	1
N14732	0	0	0
N7829	0	0	0
N23288	0	0	0
N31623	0	0	0
N45078	0	0	1
N59085	0	0	0
N40112	0	0	0
N60303	0	0	0
N20911	0	0	0
N9885	0	0	1
N22995	0	0	0
N43005	0	0	1
N18299	1	0	0
N7054	1	0	0
N54950	0	0	0
N23619	0	0	1
N29416	0	0	0
N22683	0	0	0
N17518	0	0	0
N31405	1	0	0
N57257	0	0	0
N28760	0	0	0
N46994	1	0	0
N22193	0	0	0
N20681	0	0	0
N33277	0	0	0
N53006	0	0	0
N41291	1	0	0
N63317	0	0	1
N49238	1	0	0
N16087	0	0	0
N33428	0	0	0
N9717	0	0	0
N12664	0	0	0
N39596	0	0	0
N16583	0	0	0
N8624	0	0	0
N31761	1	0	0
N52309	0	0	0
N41814	0	1	0
N2025	0	0	0
N32755	0	0	0
N60810	0	0	0
N20809	0	0	0
N57336	0	0	0
N4245	0	0	0
N22502	0	0	0
N4505	0	0	0
N54996	0	0	0
N39497	0	0	0
N17246	0	0	0
N62188	0	0	0
N16260	0	0	0
N5850	0	0	0
N27341	1	0	0
N48071	0	0	0
N28198	0	0	1
N21301	1	0	0
N14038	0	0	0
N65132	0	0	0
N4306	0	0	0
N60307	1	0	0
N44071	0	0	0
N13974	0	0	0
N51215	0	0	0
N9732	0	0	0
N13679	0	0	0
N49305	0	0	0
N27880	0	0	0
N62620	0	0	0
N10652	0	0	0
N38541	0	0	0
N21978	0	0	0
N32735	0	0	0
N20635	0	0	1
N5717	0	0	0
N41343	0	0	1
N21615	0	0	1
N38747	0	0	0
N4995	0	0	0
N51129	0	0	0
N64342	0	0	1
N19254	0	0	0
N7251	0	0	0
N21850	0	0	0
N55821	0	0	0
N20391	0	0	0
N52135	0	0	0
N57488	0	0	0
N28480	0	0	0
N30951	0	0	0
N15873	0	0	0
N30134	0	0	0
N13414	0	0	0
N32157	0	0	0
N15560	0	0	0
N4783	0	0	0
N51903	0	0	0
N2834	0	0	0
N47729	0	0	0
N29673	1	0	0
N10868	0	0	0
N15913	0	0	0
N37550	1	0	0
N28000	0	0	0
N21399	0	0	0
N47126	0	0	0
N53751	0	0	0
N37912	0	0	0
N34718	1	0	0
N8906	0	0	0
N41526	0	0	0
N60615	0	0	0
N15663	0	0	0
N54146	0	0	0
N63068	0	0	0
N1334	0	0	0
N63636	0	0	0
N33381	0	0	0
N19843	0	0	0
N32471	0	0	0
N60781	0	0	1
N16459	0	0	0
N27194	0	0	0
N21129	0	0	0
N64496	1	0	0
N43676	1	0	0
N8046	0	0	0
N48785	0	0	0
N31551	0	0	0
N56932	0	0	0
N12926	0	0	0
N47189	0	0	0
N39246	0	0	0
N15953	0	0	0
N13180	0	0	1
N37749	0	0	0
N40234	0	0	0
N36614	0	0	1
N51146	0	0	0
N966	1	0	0
N16404	0	0	0
N9007	0	0	0
N32229	0	0	0
N28862	0	0	0
N24566	0	0	0
N29683	0	0	0
N64365	0	0	0
N10904	1	0	0
N48349	0	0	0
N61918	0	0	1
N49276	0	0	0
N50497	0	0	1
N7931	0	0	0
N22206	0	0	0
N2733	0	0	1
N52189	1	0	0
N22569	0	0	0
N2968	0	0	0
N55351	0	0	0
N31065	0	0	0
N31841	0	0	0
N62761	0	0	0
N59078	0	0	0
N58391	0	0	0
N14630	1	0	0
N28645	0	0	0
N63518	0	0	1
N52729	0	0	0
N9006	0	0	0
N36287	0	1	0
N62920	1	0	0
N2427	0	0	0
N40216	0	0	0
N59237	1	0	0
N64667	0	0	1
N45746	0	0	0
N48877	0	0	0
N59616	0	0	0
N31779	1	0	0
N4971	0	0	1
N46987	0	0	0
N37521	0	0	0
N64279	0	0	1
N35114	0	0	0
N60696	0	0	0
N3176	0	0	0
N46891	0	0	0
N43265	0	0	0
N28674	0	0	0
N43986	0	0	0
N30692	0	0	0
N64276	0	0	0
N19970	0	0	0
N31714	0	0	0
N1816	0	0	0
N461	0	0	0
N22826	0	0	0
N43533	0	0	0
N4593	0	0	0
N47429	0	0	0
N60026	0	0	0
N25245	1	0	1
N63624	0	0	0
N30872	0	0	0
N36222	0	0	1
N54936	0	0	0
N3547	0	0	0
N14587	0	0	0
N24305	1	0	0
N42445	0	0	0
N18790	0	0	0
N20823	0	0	0
N28465	0	0	0
N32867	0	0	0
N23643	0	0	0
N3527	0	0	0
N40942	0	0	0
N25070	1	0	0
N15911	0	0	1
N57128	0	0	0
N17987	0	0	0
N23188	0	0	0
N7643	0	0	0
N40453	1	0	0
N25134	0	0	0
N19913	0	0	0
N48816	0	0	0
N24262	0	0	0
N62789	0	0	1
N44209	0	0	0
N4342	0	0	0
N16516	0	0	0
N21390	0	0	0
N32299	0	0	0
N56125	0	0	0
N4748	0	0	0
N17772	0	0	0
N18779	0	0	0
N41939	0	0	0
N63497	0	0	0
N60412	0	0	0
N43821	0	0	0
N42053	0	0	0
N18456	0	0	0
N13443	0	0	0
N24187	0	0	0
N23453	1	0	0
N1202	1	0	0
N21208	0	0	0
N34984	0	0	0
N8575	0	0	0
N51688	0	0	0
N8686	0	0	0
N60962	0	0	0
N34087	0	0	0
N15981	0	0	0
N35778	0	0	0
N25839	0	0	0
N32085	0	0	0
N27142	0	0	0
N4623	0	0	0
N9826	0	0	0
N410	1	0	0
N50685	0	0	0
N38956	0	0	0
N276	0	0	0
N16795	0	0	0
N21584	0	0	0
N60875	0	0	0
N24036	1	0	0
N41517	0	0	0
N5173	0	0	0
N3962	0	0	0
N59757	0	0	0
N59010	0	0	0
N43558	0	0	0
N17507	0	0	0
N8439	0	0	0
N48438	0	0	0
N26158	0	0	0
N44163	0	0	0
N30659	0	0	0
N43044	0	0	0
N31926	0	0	0
N59017	0	0	0
N16504	0	0	0
N41373	1	0	0
N37448	0	0	0
N37035	0	0	0
N50999	0	0	0
N59649	0	0	0
N20770	1	0	0
N6089	0	0	0
N6445	0	0	0
N38736	0	0	0
N47294	0	0	1
N5163	0	0	1
N48865	0	0	0
N62564	0	0	0
N56416	0	0	0
N36571	0	0	0
N43091	0	0	0
N60171	0	0	0
N30786	0	0	0
N21849	0	0	0
N2290	0	0	0
N4181	0	0	0
N59982	0	0	0
N40145	0	0	0
N40244	0	0	1
N51869	0	0	0
N14439	0	0	0
N17053	0	0	0
N58452	0	0	0
N22652	0	0	0
N29717	0	0	0
N52413	0	0	1
N8179	0	0	0
N58157	0	0	1
N44070	0	0	1
N4324	0	0	0
N60270	0	0	0
N55422	0	0	0
N41051	0	0	0
N19083	0	0	0
N46148	0	0	0
N40357	0	0	0
N14429	0	0	0
N50600	0	0	0
N6152	0	0	0
N668	1	0	0
N59677	1	0	0
N59332	0	0	1
N34417	0	0	0
N38618	0	0	0
N47071	0	0	0
N62693	0	0	0
N16730	0	0	1
N14278	0	0	0
N22001	0	0	0
N35984	0	0	1
N2543	0	0	0
N59822	0	0	0
N7545	0	0	0
N14486	0	0	0
N7278	0	0	0
N51402	0	0	1
N47941	1	0	0
N15069	0	0	0
N10530	0	0	0
N40396	0	0	0
N62176	0	0	0
N55240	1	0	0
N12507	0	0	0
N42050	0	0	0
N58608	0	0	0
N31163	0	0	0
N16880	0	0	0
N62655	0	0	0
N56453	0	0	0
N34945	0	0	1
N64284	0	0	0
N36356	0	0	0
N19557	0	0	0
N12430	0	0	0
N56363	0	0	0
N57649	0	0	0
N8171	0	0	0
N16261	0	0	0
N9748	0	0	0
N4596	0	0	0
N53185	0	0	0
N12979	1	0	0
N10421	0	0	0
N41809	0	0	0
N57072	0	0	0
N3163	1	0	0
N39971	0	0	0
N45495	0	0	0
N4698	0	0	0
N17119	0	0	0
N48205	0	0	0
N995	0	0	0
N37096	0	0	0
N45564	0	0	0
N38591	0	0	0
N51707	0	0	0
N32539	0	0	0
N22876	0	0	0
N58997	0	0	0
N64912	0	0	0
N20115	0	0	0
N9175	1	0	0
N43960	1	0	0
N35604	0	0	0
N40419	0	0	0
N24169	0	0	0
N42281	0	0	0
N49972	0	0	0
N9029	0	0	0
N48229	0	0	0
N64032	0	0	0
N40493	0	0	0
N12246	0	0	0
N16358	0	0	0
N22852	1	0	0
N29584	0	0	0
N4542	0	0	1
N55809	0	0	0
N8140	1	0	0
N7418	0	0	1
N15212	0	0	0
N24082	0	0	0
N11665	0	0	0
N22161	0	0	0
N37822	0	0	1
N36529	0	0	0
N51289	1	0	1
N21601	0	0	0
N30237	0	0	0
N54149	1	0	0
N19315	0	0	0
N20053	0	0	0
N2087	0	0	1
N40287	0	0	0
N35449	0	0	0
N18433	0	0	0
N24966	0	0	0
N3109	0	0	1
N57905	1	0	0
N31138	0	0	0
N49966	0	0	1
N23298	1	0	1
N36993	0	0	1
N31653	0	0	0
N16661	0	0	0
N21277	0	0	0
N3970	0	0	1
N37856	0	0	0
N25168	0	0	0
N62190	0	0	0
N32059	1	0	0
N48433	0	0	0
N4283	0	0	0
N57812	0	0	0
N55940	0	0	0
N51641	0	0	0
N42720	0	0	0
N64562	0	0	0
N28964	0	0	0
N22557	0	0	0
N60169	0	0	0
N14061	0	0	0
N9484	0	0	0
N45846	0	0	1
N58685	0	0	0
N53220	0	0	1
N38911	0	0	0
N35098	0	0	0
N17344	0	0	0
N1466	0	0	0
N1863	0	0	0
N33059	0	0	0
N55808	0	1	0
N27459	0	0	0
N33950	0	0	0
N6145	0	0	0
N61226	0	0	0
N5972	1	0	0
N48318	0	0	0
N31744	0	0	0
N14337	0	0	0
N14920	0	0	0
N54247	0	0	0
N65223	1	0	0
N1798	1	0	0
N52894	0	0	0
N18566	0	0	0
N48294	0	1	0
N29413	0	0	0
N10640	0	0	1
N24436	0	0	1
N54225	0	0	1
N33173	1	0	0
N28313	0	0	1
N57470	0	0	0
N8567	0	0	0
N54663	0	0	0
N56044	0	1	0
N2867	0	0	0
N4239	0	0	0
N30402	0	0	0
N21157	0	0	0
N28128	0	0	0
N58445	0	0	0
N7151	0	0	0
N15343	0	0	0
N22272	0	0	1
N22323	0	0	0
N37927	0	0	0
N20147	1	0	0
N984	0	0	0
N36603	0	0	0
N61001	0	0	0
N31743	0	0	0
N5886	0	0	0
N61030	0	0	0
N34739	0	0	0
N58873	1	0	0
N64133	0	0	0
N40637	0	0	0
N23561	0	0	0
N31663	0	0	0
N45288	1	0	0
N63015	0	0	0
N57092	0	0	0
N30924	0	0	0
N25534	0	0	1
N41260	1	0	0
N18015	0	0	0
N54035	0	0	0
N64049	0	0	0
N51887	0	0	0
N9219	0	0	0
N54619	0	0	0
N23993	0	0	0
N10518	0	0	0
N37291	0	0	1
N31020	1	0	0
N1966	0	1	0
N56019	0	0	0
N6354	1	0	0
N35893	0	0	0
N42957	0	0	0
N28284	0	0	0
N9144	0	0	0
N10670	0	0	0
N57386	1	0	0
N51555	0	0	0
N24468	0	0	0
N31269	0	0	0
N7279	0	0	0
N37890	0	0	0
N20805	0	0	0
N34296	0	0	0
N52167	0	0	0
N35329	0	0	0
N36223	0	0	0
N16086	0	0	0
N1895	0	0	0
N60239	1	0	0
N49791	0	0	0
N13508	0	0	0
N4848	0	0	0
N6938	0	0	0
N40716	1	0	0
N12435	0	0	0
N6736	0	0	0
N27308	0	0	0
N48891	0	0	0
N55922	0	1	0
N55289	1	0	1
N64660	0	0	0
N28811	0	0	0
N11346	0	0	1
N18378	0	0	0
N55852	1	0	0
N29609	0	0	0
N40215	0	0	0
N55925	0	0	0
N6370	0	0	0
N21853	0	0	0
N560	0	0	0
N45334	0	0	0
N12785	1	0	0
N19994	0	0	0
N27698	0	0	0
N29131	0	0	1
N6261	1	0	0
N26606	0	0	0
N32773	0	0	0
N11040	0	0	1
N33504	0	0	0
N46575	1	0	0
N53214	0	0	0
N5189	1	0	0
N23094	1	0	0
N27896	0	0	0
N15611	0	0	0
N37333	0	0	0
N64115	0	0	0
N46127	0	0	0
N12540	0	0	0
N36563	0	0	0
N8083	0	0	0
N14644	0	0	0
N9984	0	0	0
N58991	0	0	0
N35807	0	0	1
N59177	0	0	1
N49951	0	0	0
N29434	0	0	0
N30621	0	0	0
N26502	0	0	0
N48801	0	0	0
N14624	0	0	0
N32256	0	0	0
N7201	0	0	0
N17386	0	0	0
N18905	0	0	0
N13110	0	0	1
N26258	0	0	0
N38390	0	0	1
N28614	0	0	0
N36417	1	0	0
N7359	0	0	0
N30111	0	0	0
N22924	0	0	0
N30003	0	0	0
N7210	0	0	0
N30190	0	0	0
N62394	0	1	0
N46768	1	0	0
N32183	0	0	0
N60331	0	0	0
N41160	0	0	0
N11832	0	0	0
N24735	0	0	0
N22480	0	0	0
N17091	1	0	0
N4439	1	0	0
N53330	0	0	0
N5710	0	0	0
N17377	0	0	0
N18697	0	0	0
N9025	0	0	0
N63496	0	0	0
N64893	0	0	0
N13420	0	0	0
N42288	0	0	0
N6345	0	0	0
N63001	0	0	0
N841	0	0	0
N23534	0	0	0
N14626	0	0	0
N7208	0	0	1
N23343	0	0	0
N15779	0	0	0
N42575	0	0	0
N63083	0	0	0
N1213	0	0	0
N61171	0	0	0
N11910	0	0	0
N25351	1	0	0
N61928	1	0	0
N2271	0	0	0
N48165	0	0	0
N427	1	0	0
N33253	0	0	0
N10109	0	0	0
N49640	0	0	0
N14838	0	0	0
N50316	0	0	0
N38067	0	0	0
N14455	0	0	0
N3177	0	0	0
N62924	0	0	0
N3473	0	0	0
N19769	1	0	0
N14853	0	0	0
N30892	1	0	0
N2238	1	0	0
N39918	0	0	0
N43666	0	0	0
N19123	0	0	1
N24098	0	0	0
N54037	0	0	0
N44622	0	0	0
N51236	0	0	0
N63448	0	0	0
N30106	0	1	0
N11172	1	0	0
N47641	0	0	0
N23029	0	0	1
N53861	0	0	0
N51209	0	0	0
N39158	0	0	0
N61588	0	0	0
N8200	0	0	0
N51124	1	0	0
N64655	0	0	0
N28469	0	0	0
N29985	1	0	0
N35818	0	0	0
N12582	0	0	0
N31697	1	0	0
N39822	0	0	0
N22484	0	0	0
N45941	0	0	0
N30444	0	0	0
N17865	0	0	0
N23817	0	0	1
N25010	0	0	1
N15928	0	0	0
N42714	0	0	0
N58085	0	0	0
N50193	0	0	0
N30450	0	0	0
N42	0	0	0
N56991	0	0	0
N2790	0	0	0
N37633	0	0	0
N24494	0	0	0
N42439	0	0	0
N49778	0	0	0
N62613	0	0	0
N64531	0	0	1
N57728	0	0	0
N14996	0	0	1
N16603	0	0	0
N58742	1	0	0
N28242	1	0	0
N54359	0	0	0
N28616	0	0	0
N52105	0	0	0
N17716	0	0	0
N63728	0	0	0
N32524	0	0	1
N51842	0	0	1
N5140	1	0	0
N8350	0	0	0
N24370	0	0	0
N37743	0	0	0
N45999	0	0	0
N64485	0	0	0
N6426	0	0	0
N55900	0	0	0
N10192	0	0	0
N30432	0	0	0
N1279	0	0	0
N27675	0	1	0
N31074	0	0	0
N37815	0	0	0
N21832	0	0	0
N46346	0	0	0
N28825	0	1	0
N6662	1	0	0
N15196	0	0	0
N43258	0	0	0
N15766	0	0	0
N6939	1	0	0
N58221	0	0	1
N40491	0	0	0
N50221	1	0	0
N48517	1	0	0
N27701	0	0	0
N51172	0	0	0
N22599	0	1	1
N34914	0	0	0
N6627	0	0	0
N34624	0	0	0
N16655	0	0	0
N60590	0	0	1
N43421	0	0	0
N40272	0	0	0
N18605	0	0	0
N17358	0	0	0
N34359	0	0	1
N38629	0	0	0
N7841	0	0	0
N5810	0	0	0
N53550	1	0	0
N59053	0	0	0
N54480	0	0	0
N20597	0	0	0
N52854	0	0	0
N17451	0	0	0
N174	0	0	1
N5054	0	0	0
N4482	0	0	0
N42367	0	0	0
N18786	0	0	0
N17314	0	0	0
N60044	0	0	0
N51683	0	1	0
N20212	0	0	0
N7329	0	0	0
N15660	0	0	0
N52031	0	0	0
N1696	0	0	0
N1985	0	0	0
N41981	0	0	1
N24211	0	0	0
N13791	0	0	0
N37937	0	0	0
N65190	0	0	1
N34957	0	0	0
N29165	0	0	0
N18616	0	0	0
N52748	0	0	0
N37690	0	0	0
N37569	0	0	0
N10736	0	0	0
N27987	0	0	0
N244	0	0	0
N62874	0	0	1
N15394	0	0	0
N24536	0	0	0
N6759	0	0	1
N59487	0	0	0
N41490	0	0	0
N24164	0	0	0
N59438	0	0	0
N42432	0	0	0
N13223	0	0	0
N15320	1	0	0
N3876	0	0	0
N32389	0	0	0
N7070	0	0	0
N21947	1	0	0
N43220	0	0	0
N28809	1	0	0
N47080	0	0	1
N2240	0	0	0
N4932	0	0	0
N55799	0	0	0
N21485	1	0	0
N38488	0	0	0
N6234	0	0	1
N23031	1	0	0
N13064	1	0	0
N11406	0	0	0
N51061	1	0	0
N7857	0	0	0
N40082	1	0	0
N40934	0	0	0
N23097	0	0	1
N42933	0	0	0
N47619	0	0	0
N15811	1	0	0
N47743	1	0	0
N16052	0	0	0
N28945	0	0	0
N55267	0	0	0
N22495	0	0	0
N55200	0	0	0
N37064	0	0	0
N22656	0	0	0
N62850	0	0	1
N40040	1	0	0
N23382	0	0	1
N2224	0	0	1
N23723	0	0	0
N60135	0	0	1
N34529	1	0	0
N32540	0	0	0
N55627	0	0	0
N49121	1	0	0
N32638	0	0	0
N63614	0	0	0
N6270	0	0	0
N31474	0	0	0
N50298	0	0	0
N19138	0	0	0
N43078	0	0	0
N64093	0	0	0
N2076	0	0	0
N60577	0	0	0
N56037	0	0	0
N10404	0	0	1
N43130	0	0	0
N13537	0	0	0
N44839	0	0	0
N25805	0	0	0
N27375	1	0	0
N267	0	0	0
N29027	1	0	0
N39708	0	0	0
N14811	0	0	0
N46390	0	0	0
N53615	0	0	0
N12947	0	0	0
N5281	0	0	0
N62836	0	0	0
N49417	0	0	0
N7273	0	0	1
N56192	0	0	0
N40925	0	0	0
N4072	0	0	0
N53797	1	0	0
N29532	0	0	0
N8810	0	0	0
N60077	0	0	1
N44317	0	0	0
N61434	0	0	0
N60001	0	0	0
N36165	0	0	0
N64711	0	0	0
N3794	1	0	0
N59292	0	0	0
N52559	0	0	0
N21452	0	0	1
N12167	0	0	0
N37979	0	0	0
N18491	0	0	0
N36072	0	0	0
N17782	0	0	0
N63555	0	0	0
N27820	1	0	0
N2566	0	0	0
N44132	0	0	0
N13779	0	0	0
N33124	0	0	0
N12491	0	0	0
N41198	0	0	0
N22633	0	0	1
N18165	0	0	0
N63510	0	0	0
N58892	0	0	0
N40005	0	0	1
N18900	0	0	0
N53691	0	0	0
N37841	0	0	0
N21395	0	0	1
N2375	0	0	0
N55648	0	0	0
N28718	0	0	0
N4753	1	0	0
N22247	0	0	0
N51087	1	0	0
N55615	0	0	0
N28848	0	0	0
N2691	0	0	0
N51885	0	0	0
N49379	0	0	1
N27593	0	0	0
N6864	0	0	0
N27261	0	0	0
N16475	0	0	1
N53925	0	0	0
N33308	0	0	0
N39789	0	0	0
N36260	0	0	0
N45887	0	0	0
N18674	0	0	0
N23377	1	0	0
N25103	0	0	0
N22974	0	0	0
N7194	0	0	0
N45380	0	0	0
N27713	0	0	0
N39985	0	0	0
N62442	0	0	0
N34367	0	0	0
N61120	0	0	0
N22277	0	0	0
N64035	0	0	0
N37070	1	0	0
N39752	0	0	0
N11072	0	0	0
N1383	0	0	0
N16074	0	0	1
N52091	0	0	1
N32385	0	0	0
N54793	0	0	0
N57746	0	0	0
N61290	0	0	0
N56322	0	0	0
N13447	0	0	0
N32377	0	0	0
N45968	0	0	1
N40644	0	0	0
N20471	0	0	0
N18082	0	0	0
N14058	0	0	0
N61770	0	0	0
N64864	0	0	0
N58930	0	0	0
N20558	0	0	0
N12844	1	0	0
N55495	0	0	0
N12722	0	0	0
N23902	0	0	0
N36295	0	0	0
N38658	0	0	0
N27969	0	0	0
N63467	0	0	1
N3533	0	0	0
N27426	0	0	0
N33213	0	0	0
N10284	0	1	1
N10208	0	0	0
N25629	0	0	0
N3680	0	0	0
N62706	0	0	1
N7406	0	0	0
N64570	0	0	1
N5274	0	0	0
N41613	0	0	0
N55787	0	0	0
N22469	1	0	0
N14470	0	0	0
N14632	0	0	0
N18738	0	0	0
N44283	0	0	0
N49034	0	0	0
N53576	0	0	0
N48743	0	0	0
N42145	1	0	0
N27328	0	0	0
N49869	0	0	0
N63972	0	0	0
N18700	0	0	0
N6474	1	0	0
N64838	0	0	0
N32209	0	0	0
N57010	0	0	0
N33227	0	0	1
N62020	0	0	0
N60082	0	0	0
N15587	1	0	0
N21259	0	0	0
N21133	0	0	0
N31801	0	0	0
N63489	0	0	0
N33369	0	0	0
N53450	0	1	0
N26951	0	0	0
N32075	0	0	0
N59569	0	0	0
N65003	0	0	0
N51148	0	0	0
N51658	0	0	0
N33276	0	0	0
N32696	0	0	0
N62707	0	0	1
N20695	0	0	0
N27004	0	0	0
N34606	0	0	1
N36915	0	0	0
N10067	0	0	0
N62485	0	0	0
N23737	0	0	1
N10938	1	0	1
N50035	0	1	1
N23349	0	0	0
N3800	0	0	1
N2328	0	0	0
N2916	0	0	0
N9891	0	0	0
N10981	0	0	0
N14661	0	0	0
N24330	0	1	0
N22232	0	0	0
N20291	0	0	0
N32488	0	0	0
N18163	0	0	0
N34887	0	1	0
N60814	0	0	0
N6984	0	0	1
N39944	1	0	0
N64907	0	0	1
N29795	0	0	0
N61886	0	0	0
N50811	0	0	0
N58717	0	0	0
N36700	0	0	0
N38217	0	0	0
N8272	0	0	1
N8804	0	0	0
N35021	0	0	0
N7502	0	0	0
N45410	0	0	0
N18189	0	0	0
N5227	0	0	1
N61426	0	0	0
N13151	0	0	0
N29421	0	0	0
N53241	0	0	0
N13945	0	0	0
N37882	0	0	0
N57726	1	0	0
N4	0	0	0
N39604	0	0	0
N10359	0	0	0
N33921	0	0	0
N15412	0	0	0
N39849	0	0	0
N20172	0	0	0
N49206	1	0	1
N34065	0	0	1
N64835	0	0	0
N64876	0	0	0
N20521	0	0	0
N10003	0	0	0
N58652	0	0	0
N24294	0	0	0
N58200	0	0	0
N5634	0	0	0
N23597	0	0	0
N42985	0	0	0
N53995	0	0	0
N44	0	0	0
N24221	0	0	0
N56048	0	0	0
N56330	0	0	0
N20909	0	0	0
N17317	0	0	1
N19407	0	0	0
N35965	0	0	0
N7044	0	0	1
N16701	0	0	1
N31557	0	0	0
N42127	1	0	0
N64344	0	0	1
N49150	0	0	0
N50553	0	0	1
N29856	0	0	0
N47904	1	0	0
N49553	0	0	0
N43595	0	0	0
N64626	0	0	0
N4490	0	0	0
N45122	0	0	0
N61297	0	0	0
N34507	0	0	0
N55793	0	1	1
N1514	0	0	0
N6197	0	0	0
N30142	0	0	0
N64420	0	0	0
N57888	0	0	0
N61625	0	0	0
N45461	1	0	0
N7198	0	0	0
N41595	0	0	0
N52339	0	0	0
N22048	0	0	0
N44911	0	0	0
N15818	0	0	0
N7582	0	0	0
N12500	0	0	0
N64367	0	0	0
N44763	1	0	0
N63878	0	0	1
N24625	0	0	0
N62834	0	0	0
N56249	0	0	0
N6055	0	0	0
N49099	0	0	0
N47482	0	0	1
N42842	0	0	0
N8463	0	0	1
N16437	0	0	1
N58599	0	0	0
N49997	0	0	0
N4533	1	0	0
N14059	0	0	1
N10428	0	1	0
N872	1	0	0
N48458	0	0	0
N37218	0	0	0
N31351	0	0	0
N18432	0	0	0
N64126	0	0	0
N54599	0	0	1
N55511	0	0	0
N49083	0	0	0
N61808	0	0	1
N44100	0	0	0
N57371	0	0	1
N14599	0	0	0
N24391	0	0	0
N15871	0	0	0
N49424	0	0	0
N9834	0	0	0
N3983	0	0	1
N63033	0	0	0
N8243	0	0	0
N59546	0	0	0
N58038	0	0	0
N8608	0	0	0
N45957	0	0	0
N28076	0	0	1
N53100	0	0	0
N16286	0	0	0
N59993	0	0	1
N21924	0	0	0
N4607	0	0	1
N26558	0	0	0
N53036	0	0	0
N35383	0	0	1
N30650	0	0	0
N58533	0	0	0
N64010	0	0	0
N63394	0	0	0
N50929	0	0	0
N55741	0	0	0
N7906	0	0	0
N21327	0	0	0
N52543	0	0	0
N54860	0	0	0
N30989	0	0	0
N9970	0	0	0
N23115	0	0	1
N34172	0	0	0
N3164	0	0	0
N18638	0	0	0
N49805	0	0	1
N39202	0	0	1
N5788	0	0	1
N55000	0	0	0
N54142	0	0	0
N28936	0	0	0
N18845	0	0	0
N42370	0	1	1
N50042	0	0	0
N2399	0	0	0
N57937	0	0	0
N38601	0	0	0
N3593	0	0	0
N61584	1	0	0
N4737	0	0	0
N16199	0	0	0
N10595	0	0	0
N43953	1	0	0
N54263	0	0	1
N43752	0	0	1
N32782	0	0	1
N47171	0	0	0
N5040	0	0	0
N54095	0	0	0
N17725	0	0	1
N52946	0	0	0
N36573	0	0	0
N58874	0	0	1
N20365	0	0	0
N61745	0	0	0
N36015	0	0	0
N11042	0	0	0
N61763	0	0	1
N47894	0	0	0
N62621	0	0	0
N7015	0	0	0
N612	0	0	0
N11706	0	0	0
N59638	0	0	0
N22273	0	0	0
N60102	0	0	0
N56424	0	0	0
N21789	0	0	0
N51872	0	0	0
N57800	0	0	0
N22990	0	0	0
N19686	0	0	1
N64477	0	0	0
N44977	0	0	0
N64810	0	0	0
N17243	0	0	1
N51248	0	0	0
N3386	0	0	0
N20214	0	0	0
N45904	0	0	0
N46597	0	0	0
N38339	0	0	0
N63300	0	0	1
N62095	0	0	0
N35288	0	0	1
N506	0	0	0
N53789	0	0	0
N22509	0	0	0
N24786	0	0	1
N53842	0	0	0
N39421	0	0	0
N24670	0	0	0
N18863	0	0	0
N56484	0	0	0
N15609	0	0	1
N53973	0	0	1
N6072	0	0	1
N23137	0	0	0
N61640	0	0	0
N2360	0	0	1
N34229	0	0	0
N63248	0	0	0
N2531	0	0	0
N46928	0	0	0
N64779	0	0	0
N29986	0	0	0
N11442	0	0	0
N20532	0	0	1
N11126	0	0	0
N17784	0	0	1
N32984	0	0	1
N9707	0	0	0
N26848	0	0	0
N29307	0	0	0
N7856	0	0	0
N59680	0	0	1
N24486	0	0	0
N5959	0	0	0
N28260	0	0	0
N8969	0	0	0
N13286	0	0	0
N64662	0	0	0
N61414	0	1	0
N19409	0	0	0
N13247	0	0	0
N64784	0	0	1
N61443	0	0	0
N15437	0	0	0
N5018	0	0	1
N48954	0	0	0
N2948	0	0	0
N43004	0	0	0
N64008	0	0	0
N40502	0	0	0
N62821	0	0	0
N6200	0	0	0
N33289	0	0	0
N57278	0	0	0
N2632	0	0	0
N55324	0	0	0
N3099	0	0	0
N37645	0	0	0
N62641	0	0	0
N44953	0	0	0
N60785	0	0	0
N32921	0	0	1
N10128	0	0	0
N59326	0	0	0
N22867	0	0	0
N55776	0	0	0
N30473	0	0	0
N18224	0	0	0
N63741	0	0	0
N58771	0	0	0
N49989	0	0	0
N15504	0	0	0
N6233	0	0	1
N15345	0	0	0
N18252	0	0	0
N46970	0	0	0
N47799	0	0	0
N39772	0	0	0
N47419	0	0	0
N62086	0	0	1
N14357	0	0	0
N18369	0	0	1
N47779	0	0	0
N8393	0	0	0
N50594	0	0	0
N36422	0	0	1
N37972	0	0	0
N26601	1	0	0
N49241	0	0	0
N58517	0	0	0
N37434	0	0	1
N38876	0	0	0
N5366	0	0	0
N42344	0	0	0
N6457	0	0	0
N60954	0	0	0
N14392	0	0	0
N5128	0	0	0
N63812	0	0	0
N40621	0	0	0
N44060	0	0	0
N40704	0	0	0
N35254	0	0	0
N28404	0	0	0
N22665	0	0	0
N54961	0	0	0
N21210	0	0	0
N28895	0	0	0
N2703	1	0	0
N39191	0	0	0
N12	0	0	1
N44595	0	0	0
N29849	0	0	0
N6077	0	0	1
N55250	0	0	0
N54650	0	0	0
N63309	0	0	0
N26742	0	0	0
N848	0	0	0
N45861	0	0	1
N37462	0	0	1
N36988	0	0	0
N21728	0	0	0
N17397	0	0	0
N33083	0	0	0
N32285	0	0	0
N1176	0	0	0
N3577	0	0	0
N4356	0	0	0
N15145	1	0	0
N25289	0	0	0
N47526	0	0	0
N32054	0	0	0
N27428	0	0	0
N52089	0	0	1
N43687	0	0	0
N10658	0	0	1
N59285	0	0	0
N18448	0	0	1
N30589	0	0	0
N23784	0	0	0
N46883	0	0	0
N7669	0	0	0
N33606	0	0	1
N11913	0	0	0
N1216	0	0	0
N63372	0	0	0
N36360	0	0	0
N8697	0	0	0
N44411	0	0	0
N50915	0	0	0
N57253	0	0	0
N2445	0	0	0
N14031	0	1	1
N39915	0	0	0
N15754	0	0	0
N38330	0	0	0
N28367	0	0	0
N21095	0	0	0
N12801	0	0	0
N64023	0	0	1
N53388	0	0	0
N41344	1	0	0
N17815	0	0	0
N12972	0	0	0
N202	1	0	0
N31026	0	0	0
N20565	0	0	0
N7468	0	0	1
N55907	0	0	0
N15742	0	0	0
N52782	1	0	0
N23393	0	0	0
N58162	0	0	0
N2486	0	0	0
N32937	0	0	0
N38893	0	0	0
N43937	0	0	0
N56003	0	0	1
N7487	0	0	0
N16530	0	0	1
N8923	0	0	1
N61811	0	0	0
N23431	0	0	0
N64473	0	0	1
N52468	0	0	0
N44491	0	0	0
N42085	0	0	0
N31175	0	0	0
N36864	0	0	0
N16486	0	0	0
N49333	0	0	0
N52030	0	0	0
N59457	0	0	1
N20973	0	0	0
N42536	0	0	0
N27196	0	0	0
N45896	0	0	0
N29394	0	0	0
N19872	0	0	0
N41499	0	0	0
N47930	0	0	0
N688	0	0	0
N36423	0	0	0
N33392	0	0	0
N37665	0	0	0
N30865	0	0	0
N12207	0	0	0
N43884	0	0	0
N14655	0	0	0
N29105	0	0	0
N64944	0	0	0
N44253	0	0	0
N64448	0	0	0
N28079	0	0	0
N11845	0	0	0
N10114	0	0	1
N24001	0	0	1
N40836	0	0	0
N18244	0	0	0
N58330	0	0	0
N13102	0	0	0
N4761	0	0	0
N45147	1	0	1
N28500	0	0	1
N4178	0	0	1
N9148	0	0	0
N26144	0	0	0
N30613	0	0	0
N1207	0	0	0
N44995	0	0	0
N32462	0	0	1
N44375	0	0	0
N32014	0	0	0
N64240	0	0	0
N62814	0	0	0
N26238	0	0	0
N42202	0	0	0
N9924	0	0	0
N49098	0	0	1
N44393	0	0	0
N32940	0	0	0
N53367	0	0	0
N38351	0	0	0
N38391	0	0	0
N44399	0	0	0
N8700	0	0	1
N59665	0	0	0
N45677	0	0	0
N8689	0	0	0
N36884	0	0	0
N3525	0	0	0
N34250	1	0	0
N16916	0	0	0
N16466	0	0	0
N52478	0	0	0
N61287	0	0	0
N46872	0	0	0
N49331	0	0	0
N22620	0	0	1
N44716	0	0	0
N55708	0	0	0
N2554	0	0	0
N46701	0	0	0
N43430	0	0	1
N22996	0	0	0
N45070	0	0	1
N9481	0	0	0
N12256	0	0	0
N60487	0	0	0
N26002	0	0	1
N55223	0	0	0
N36500	0	0	0
N6279	1	0	0
N40421	0	0	0
N34219	0	0	0
N43439	0	0	1
N45141	0	0	0
N59026	0	1	0
N48361	0	0	1
N34058	0	0	0
N13874	0	0	0
N11894	0	0	0
N16938	0	0	1
N42267	0	0	0
N62210	0	0	0
N19475	0	0	0
N2023	0	0	0
N16349	0	0	1
N40201	0	0	0
N27040	0	0	0
N14419	1	0	0
N716	0	0	1
N55749	0	0	0
N37933	0	0	1
N11742	0	0	0
N32683	0	0	1
N64717	0	0	0
N33038	0	0	0
N9411	0	0	0
N57096	0	0	0
N1303	0	0	0
N9851	0	0	0
N57811	0	0	0
N56858	0	0	0
N38993	0	0	1
N11509	0	0	1
N44247	0	0	0
N19889	0	0	0
N18493	0	0	0
N33062	0	0	0
N50787	0	0	0
N18467	0	0	0
N29100	0	0	0
N580	0	0	0
N12487	0	0	0
N20559	0	0	1
N15396	0	0	1
N34613	0	0	0
N24076	0	0	0
N35998	0	0	0
N57959	0	0	0
N15529	0	0	0
N44458	0	0	0
N5439	0	0	0
N15736	0	0	0
N34750	0	0	0
N25303	0	0	0
N14617	0	0	0
N36057	0	0	0
N57983	0	0	0
N59805	0	0	0
N45472	0	0	0
N27635	0	0	1
N1954	0	0	0
N42503	0	0	0
N57872	0	0	0
N64323	0	0	0
N10156	0	0	0
N32553	0	0	0
N11719	0	0	1
N2854	0	0	0
N30269	0	0	1
N22061	0	0	0
N13076	0	0	0
N45162	0	0	0
N18879	0	0	1
N2304	0	0	0
N56936	0	0	0
N30119	0	0	0
N19594	1	0	0
N59051	0	0	0
N33395	0	0	0
N61498	0	0	1
N34920	0	0	0
N1678	0	0	0
N27348	0	0	0
N10060	0	0	0
N6588	0	0	0
N17775	0	0	0
N7836	0	0	0
N54695	0	0	0
N46679	0	0	1
N21217	0	0	1
N21588	0	0	1
N32959	0	0	0
N58714	0	0	0
N45930	0	0	0
N53123	1	0	0
N40465	0	0	0
N24389	0	0	0
N21470	0	0	0
N21988	0	0	0
N30378	0	0	0
N43013	1	0	0
N1231	0	0	0
N19831	0	0	0
N33417	0	0	0
N27465	0	0	0
N22588	0	0	0
N18741	0	0	0
N24971	0	0	0
N754	0	0	1
N9047	0	0	0
N11639	0	0	0
N33617	0	0	0
N4502	0	0	0
N10645	0	0	0
N53667	0	0	0
N51909	0	0	0
N63906	0	0	0
N34937	0	0	0
N32221	1	0	0
N10743	0	0	0
N16034	0	0	0
N30255	0	0	0
N13823	0	0	0
N25100	0	0	0
N38750	0	0	0
N37074	0	0	0
N64519	0	0	0
N9925	0	0	0
N61581	0	0	0
N14201	0	0	0
N29680	1	0	0
N53098	0	0	0
N33285	0	0	0
N26095	0	0	0
N52341	0	0	0
N17067	0	0	0
N48833	0	1	1
N24994	0	0	0
N46540	0	0	0
N42315	0	0	0
N8886	0	0	0
N62206	0	0	0
N40041	0	0	0
N63196	0	0	1
N36028	0	0	0
N62370	0	0	0
N6176	0	0	0
N25753	0	0	0
N44395	0	0	0
N59220	0	0	0
N15153	0	0	1
N6659	0	0	0
N19716	0	0	0
N54013	0	0	0
N41118	0	0	1
N39523	0	0	0
N34979	0	0	0
N61124	0	0	0
N41482	0	0	0
N21918	1	0	0
N54293	0	0	0
N8275	0	0	1
N19763	0	0	0
N28467	0	0	1
N14611	0	0	0
N30002	0	0	0
N48430	0	0	0
N8864	0	0	0
N45594	0	0	0
N64683	0	0	0
N31049	0	0	0
N10441	0	0	0
N17398	0	0	0
N64266	0	0	0
N45116	0	0	0
N31451	0	0	0
N59593	0	0	0
N22351	0	0	0
N62006	0	0	0
N57364	0	0	1
N50242	0	0	0
N21011	0	0	0
N26413	0	0	0
N47668	0	0	0
N14510	0	0	0
N47824	0	0	0
N51056	0	0	0
N48216	1	0	0
N56349	0	0	0
N13504	0	0	0
N5231	0	0	0
N35900	0	0	1
N37014	0	0	1
N57607	0	0	0
N34270	0	0	0
N22424	0	0	0
N35610	0	0	0
N28907	0	0	0
N21337	0	0	0
N60898	0	0	0
N64714	0	0	0
N51794	1	0	0
N39952	0	0	0
N46561	0	0	0
N6078	0	0	0
N35203	0	0	0
N14253	0	0	0
N29669	0	1	0
N63275	0	0	0
N58621	0	0	0
N60618	0	0	0
N16359	0	0	0
N27794	0	0	0
N32141	0	0	1
N58055	0	0	0
N31932	0	0	0
N39157	0	0	0
N61884	0	0	0
N47524	0	0	0
N9666	0	0	0
N58419	0	0	1
N61441	0	0	0
N58647	0	0	1
N38801	0	0	0
N64656	0	0	0
N26748	0	0	0
N26056	0	0	0
N48599	0	0	0
N1060	0	0	0
N64314	0	0	0
N27855	0	0	0
N13206	0	0	1
N57026	0	0	0
N20718	0	0	0
N27374	0	0	1
N16602	0	0	0
N35040	0	0	0
N27210	0	0	0
N59159	0	0	0
N45214	0	0	0
N63138	0	0	0
N52702	0	0	0
N29956	0	0	1
N35922	0	0	0
N9465	0	0	0
N21162	0	0	1
N39125	0	0	0
N36645	0	0	0
N42902	1	0	1
N3025	0	0	0
N40735	0	0	0
N23978	0	0	0
N2015	0	0	0
N44412	0	0	0
N21081	0	0	1
N77	0	0	0
N61311	0	0	0
N20990	0	0	0
N48198	0	0	0
N54513	0	0	0
N47653	0	0	0
N16251	0	0	0
N35878	0	0	0
N13742	0	0	1
N18949	0	0	0
N39363	0	0	0
N20228	0	0	0
N46585	0	0	1
N21447	0	0	0
N26519	0	0	0
N26603	0	0	0
N20561	0	0	0
N35030	0	0	0
N1418	0	0	0
N20625	0	0	1
N4917	0	0	0
N20751	0	0	0
N22674	0	0	0
N52412	0	0	0
N54316	0	0	0
N59547	0	0	0
N12057	0	0	0
N34715	0	0	0
N17861	0	0	0
N49388	1	0	0
N34309	1	0	0
N34455	0	0	0
N17540	0	0	1
N1182	0	0	0
N36026	0	0	0
N56398	1	0	0
N59719	0	0	0
N5289	0	0	0
N58049	0	0	0
N50134	0	0	1
N55085	0	0	0
N27226	0	0	0
N30266	0	0	0
N54731	0	0	0
N5325	0	0	0
N62879	1	0	1
N3799	0	0	0
N6687	0	0	0
N37450	0	0	0
N18527	0	0	0
N8978	0	0	0
N70	0	0	0
N27103	0	0	0
N30424	0	0	0
N55328	0	0	0
N18458	0	0	1
N23755	0	0	0
N36647	0	0	0
N42431	0	0	0
N25344	0	0	0
N52131	0	0	0
N63391	0	0	0
N36869	0	0	0
N27359	0	0	0
N53750	0	0	0
N10982	0	0	0
N53790	0	0	0
N32665	0	0	0
N61168	0	0	0
N55438	0	0	0
N1315	0	0	0
N2545	0	0	0
N76	0	0	0
N17445	0	0	0
N23851	0	0	0
N8766	0	0	0
N11688	0	0	1
N59300	0	0	0
N61883	0	0	1
N35766	0	0	0
N46685	0	0	0
N7575	0	0	0
N4192	0	0	1
N32153	0	0	0
N58763	0	0	0
N2546	0	0	0
N45874	0	0	1
N42852	0	0	0
N26949	0	0	0
N13913	0	0	0
N43544	0	0	0
N1746	0	0	0
N26296	0	0	0
N47328	0	0	0
N24538	1	0	0
N33860	0	0	0
N64356	0	0	0
N26004	1	0	0
N14177	0	0	1
N13621	0	0	0
N43291	0	0	1
N35307	0	0	0
N5421	0	0	0
N4673	0	0	0
N18334	0	0	0
N4501	0	0	0
N2347	0	0	0
N61459	0	0	0
N39665	0	0	0
N28959	0	0	0
N8033	0	0	0
N52515	0	0	0
N20768	0	0	0
N51588	0	0	0
N49159	0	0	0
N11787	0	0	0
N29563	0	0	0
N24915	0	0	0
N34339	0	0	0
N56552	0	0	0
N12282	0	0	0
N21600	0	0	0
N18597	0	0	0
N28701	0	0	1
N46145	0	0	1
N8982	0	0	0
N6624	0	0	0
N29332	0	0	0
N15627	0	0	1
N18825	0	0	0
N4188	0	0	1
N54290	0	0	0
N24745	0	0	1
N20268	0	0	0
N27293	0	0	1
N5374	0	0	0
N63098	0	0	0
N61806	0	0	0
N50189	0	0	0
N22072	0	0	0
N26495	0	0	0
N26771	0	0	1
N26784	0	0	0
N45331	0	0	0
N31646	0	0	1
N37707	0	0	0
N384	0	0	1
N30964	0	0	0
N7404	0	0	0
N32836	0	0	0
N51141	0	0	0
N9272	0	0	0
N1165	0	0	0
N50093	0	0	0
N39011	0	0	0
N56212	0	0	0
N49460	0	0	0
N60372	0	0	0
N44258	0	0	0
N32898	0	0	0
N14327	0	0	0
N26764	0	0	0
N20164	0	0	0
N46174	0	0	0
N33707	0	0	0
N46692	0	0	0
N1565	0	0	0
N48382	0	0	0
N27151	0	0	0
N17408	0	0	1
N61535	0	0	1
N40417	1	0	0
N12111	0	0	0
N3945	0	0	0
N3495	0	0	0
N2390	0	0	0
N60160	0	0	0
N27687	0	0	1
N64143	0	0	0
N42046	0	0	0
N50117	0	0	0
N45810	0	0	0
N4933	0	0	0
N41854	0	0	0
N52628	1	0	0
N59560	0	0	0
N62778	0	0	0
N50858	0	0	0
N48032	0	0	0
N38619	1	0	0
N1683	0	0	0
N10168	0	0	0
N63348	0	0	0
N8330	0	0	1
N25408	0	0	0
N55027	0	0	1
N11971	0	0	1
N46308	0	0	0
N54345	0	0	0
N58542	0	0	0
N19111	0	0	0
N63359	0	0	0
N44947	0	0	0
N27053	0	0	1
N53228	0	0	0
N24986	0	0	0
N6214	0	0	0
N11297	0	0	0
N38649	0	0	0
N45037	0	0	0
N32654	0	0	0
N9083	0	0	0
N3635	0	0	0
N30752	0	0	1
N64359	0	0	0
N26396	0	0	0
N4982	0	0	0
N30360	0	0	1
N12766	0	0	0
N26919	0	0	0
N50442	0	0	0
N8469	0	0	0
N46314	0	0	1
N6256	0	0	0
N38556	1	0	0
N30407	0	0	0
N26774	0	0	0
N52385	0	0	0
N25595	0	0	0
N56248	0	0	0
N50015	0	0	0
N31759	0	0	0
N54752	0	0	0
N15468	0	0	0
N2726	0	0	0
N16595	0	0	0
N36055	0	0	0
N46818	0	0	0
N48723	0	0	0
N49281	0	0	0
N36685	0	0	0
N43814	0	0	0
N41300	0	0	0
N44614	0	0	0
N21815	0	0	0
N33961	0	0	0
N39838	0	0	0
N9004	0	0	0
N12456	0	0	0
N6696	0	0	1
N50707	0	0	0
N62853	0	0	0
N13384	0	0	0
N37994	0	0	0
N20361	1	0	1
N57259	1	0	0
N10770	1	0	0
N59691	0	0	0
N59803	0	0	0
N48820	0	0	0
N60901	0	0	0
N52548	0	0	1
N32250	0	0	0
N611	0	0	1
N37788	0	0	0
N26924	0	0	0
N64796	0	0	0
N36496	0	0	0
N22016	0	0	0
N15539	0	0	0
N21273	0	0	0
N49822	0	0	0
N1962	0	0	0
N596	0	0	0
N6004	0	0	1
N17925	0	0	0
N43783	0	0	0
N723	0	0	0
N47758	0	0	0
N4625	0	0	1
N2527	0	0	0
N31465	0	0	0
N54058	0	0	0
N5400	0	0	0
N52655	0	0	0
N48467	0	0	0
N13513	0	0	0
N48755	1	0	0
N54051	0	0	0
N46908	0	0	0
N11790	0	0	0
N60510	0	0	0
N40188	0	0	0
N40891	0	0	1
N34050	0	0	0
N50253	0	0	0
N51904	0	0	0
N10701	0	0	1
N7738	0	0	0
N32268	0	0	0
N22251	0	0	1
N29631	0	0	0
N56186	0	0	0
N5153	0	0	0
N48794	0	0	0
N50906	0	0	1
N5042	0	0	0
N1838	0	0	1
N29285	1	0	0
N18109	0	0	0
N57931	0	0	1
N48256	0	0	0
N23164	0	0	1
N12792	0	0	0
N48495	0	0	0
N40967	0	0	1
N44268	0	0	0
N49177	0	0	0
N55398	0	0	0
N4432	0	0	0
N56638	0	0	1
N25902	0	0	0
N63675	0	0	0
N16324	0	0	0
N10406	0	0	0
N39813	0	0	0
N43698	0	0	0
N36556	1	0	0
N12353	0	0	1
N50919	1	0	0
N5811	0	0	0
N39930	0	0	0
N22183	0	0	0
N62886	0	0	0
N36061	0	0	0
N15161	0	0	1
N15921	0	0	0
N46946	0	0	0
N26367	0	0	1
N12178	1	0	0
N50272	0	0	0
N59753	0	0	1
N15077	0	0	0
N37530	0	0	1
N11580	0	0	0
N26155	0	0	0
N38675	0	0	0
N43184	1	0	0
N20207	0	0	0
N36933	0	0	0
N37538	0	0	0
N61911	0	0	1
N38075	0	0	0
N57632	0	0	0
N47538	0	0	0
N24049	0	0	0
N15096	0	0	0
N22776	0	0	0
N27450	0	0	0
N8546	0	0	0
N35884	0	0	0
N22831	0	0	0
N24749	0	0	0
N63136	0	0	0
N55629	0	0	0
N38301	0	0	1
N4846	0	0	0
N57383	0	0	0
N50672	0	0	0
N12090	0	0	0
N60355	0	0	0
N29726	0	0	0
N43776	0	0	0
N48514	0	0	0
N18242	0	0	0
N51882	0	0	1
N21099	0	0	0
N14949	0	0	0
N2356	0	0	0
N34661	0	0	1
N65066	1	0	0
N28077	0	0	0
N17834	0	0	0
N24303	0	0	0
N37752	0	0	0
N50968	0	0	0
N65016	0	0	0
N5065	0	0	0
N43925	0	0	0
N46865	1	0	0
N57187	0	0	0
N22839	0	0	0
N4159	0	0	0
N59636	0	0	0
N13197	0	0	0
N30482	0	0	1
N11355	0	0	0
N61747	0	0	0
N59834	0	0	0
N62451	0	0	0
N34677	0	0	1
N39885	0	0	0
N61563	0	0	1
N28132	0	0	0
N54377	0	0	0
N37844	0	0	0
N24237	0	0	1
N3422	0	0	0
N56501	0	0	0
N16426	0	0	0
N63688	0	0	1
N15872	0	0	0
N21493	0	0	0
N1730	0	0	0
N25308	0	0	1
N58310	0	0	1
N24627	0	0	0
N61667	0	0	0
N4911	0	0	0
N3909	0	0	0
N43905	0	0	0
N55033	0	0	0
N21013	0	0	0
N7632	0	0	0
N24397	0	0	0
N39292	0	0	0
N19679	0	0	1
N2971	0	0	1
N19944	0	0	0
N26793	0	0	0
N32435	0	0	0
N61807	0	0	0
N38288	0	0	1
N52324	0	0	1
N28656	0	0	0
N29135	0	0	0
N47813	0	0	0
N27108	0	0	0
N41928	0	0	0
N49088	1	0	0
N25600	0	0	0
N1180	0	0	0
N39613	0	0	1
N13442	0	0	1
N33235	0	0	0
N16576	0	0	0
N55642	0	0	0
N46019	0	0	0
N941	0	0	0
N12213	1	0	0
N6172	0	0	0
N53945	0	0	1
N15896	0	0	1
N46897	0	0	0
N30487	0	0	0
N38611	1	0	0
N15967	0	0	0
N7143	0	0	0
N37536	0	0	0
N17606	0	0	0
N17964	0	0	0
N25858	0	0	0
N50429	0	0	0
N5198	0	0	0
N26273	0	0	1
N4243	0	0	0
N23111	0	0	0
N2239	0	0	1
N64599	0	0	0
N51301	0	0	0
N31805	0	0	0
N13713	0	0	0
N36091	0	0	0
N13632	0	0	1
N35419	0	0	1
N19648	0	0	0
N41902	0	0	0
N54211	0	0	0
N57083	0	0	0
N55486	0	0	0
N29225	0	0	1
N13405	0	0	0
N36590	0	0	0
N53956	0	0	0
N39780	0	0	1
N61173	0	0	0
N16771	0	0	0
N36792	0	0	0
N50426	0	0	0
N8286	0	0	1
N38730	0	0	0
N40339	0	0	0
N44893	0	0	0
N49725	0	0	0
N61931	0	0	0
N21195	0	0	0
N48135	0	0	0
N22670	0	1	0
N15251	0	0	0
N51839	0	0	0
N24687	0	0	1
N23670	0	0	0
N44904	0	0	0
N64363	0	0	0
N45848	0	0	0
N24996	0	0	0
N22825	0	0	0
N45919	0	0	1
N38209	0	0	0
N36127	0	0	0
N24052	0	0	0
N10719	0	0	1
N20457	0	0	0
N43350	0	0	0
N44524	0	0	0
N49756	0	0	0
N9553	0	1	1
N9696	0	0	0
N12636	0	0	0
N40141	0	0	0
N47648	0	0	0
N15100	1	0	0
N13012	0	0	0
N44114	0	0	0
N38545	0	0	0
N38825	1	0	0
N8490	0	0	0
N46898	0	0	0
N28315	0	0	0
N4374	0	0	0
N60440	0	0	0
N55599	0	0	0
N60410	0	0	1
N40088	0	0	0
N35538	0	0	0
N34068	0	0	0
N28683	0	0	0
N41483	0	0	0
N56084	0	0	0
N19020	0	0	0
N33358	0	1	0
N41700	1	0	0
N27412	0	0	0
N64539	0	0	0
N52904	0	0	0
N17015	0	0	0
N17580	1	0	0
N27808	0	0	1
N24683	0	0	0
N63255	0	0	0
N24863	0	0	0
N7332	0	0	0
N16545	0	0	0
N33737	0	0	0
N16451	0	0	0
N23483	1	0	0
N15259	0	0	0
N14012	0	0	0
N12892	0	0	0
N52320	0	0	0
N51829	0	0	0
N12941	0	0	0
N31290	0	0	0
N11782	0	0	0
N53011	0	0	1
N9884	0	0	0
N1624	0	0	0
N24228	0	0	1
N30709	0	0	0
N928	0	0	0
N23554	0	0	0
N52139	0	0	0
N55397	0	0	0
N22893	0	0	0
N23256	0	0	1
N33356	0	0	1
N36230	0	0	0
N16982	0	0	0
N27659	0	0	0
N41821	1	0	1
N36607	0	0	0
N26752	0	0	0
N6307	0	0	0
N36765	0	0	0
N32380	0	0	0
N304	0	0	0
N12971	0	0	0
N13376	0	0	0
N29366	0	0	0
N27408	0	0	0
N17269	0	0	0
N49851	0	0	0
N40255	0	0	1
N33553	0	0	1
N56308	0	0	0
N55044	0	0	1
N46062	0	0	0
N38398	0	0	1
N44409	0	0	0
N3594	0	0	0
N53727	0	0	0
N34753	0	0	0
N17326	0	0	0
N30148	0	0	0
N63121	0	0	0
N20692	0	0	0
N27113	0	0	0
N1051	0	0	0
N4350	0	0	0
N42128	0	0	0
N29884	0	0	0
N21215	0	0	0
N15443	0	0	0
N25222	0	0	0
N40262	1	0	1
N35797	0	0	0
N36322	0	0	0
N2156	0	0	1
N42508	0	0	0
N18388	0	0	0
N27942	0	0	0
N32088	0	0	1
N39954	0	0	0
N29550	0	0	0
N29913	0	0	0
N26191	0	0	1
N38183	0	0	1
N59497	0	0	0
N16478	0	0	0
N40532	0	0	0
N30347	0	0	1
N61942	0	0	0
N39447	0	0	0
N52521	0	0	0
N10571	0	0	0
N12937	0	0	0
N153	1	0	0
N43787	0	0	1
N17433	0	0	0
N42366	0	0	1
N52896	0	0	0
N14650	1	0	0
N7599	0	0	0
N32517	0	0	0
N5120	0	0	0
N20522	0	0	0
N19501	0	0	0
N41962	0	0	0
N50101	0	0	0
N1587	0	0	0
N40231	0	0	1
N53040	0	0	0
N26348	0	0	0
N39987	0	0	0
N64880	0	0	1
N27603	0	0	0
N14322	0	0	0
N46478	0	0	1
N16610	0	0	0
N12228	0	0	0
N30544	0	0	0
N23925	0	0	1
N1988	0	0	0
N52269	0	0	1
N58481	0	0	0
N32988	0	0	0
N33157	0	0	0
N29408	0	0	0
N11164	0	0	0
N10283	0	0	0
N43181	0	0	0
N26050	0	0	1
N15009	0	0	0
N17021	0	0	1
N20417	0	0	0
N17492	0	0	0
N40261	0	0	0
N17024	0	0	0
N32808	0	0	1
N21831	0	0	1
N46569	0	0	0
N60544	0	0	0
N13089	0	0	0
N61182	0	0	0
N38091	0	0	0
N32912	0	0	0
N14834	1	0	1
N58393	0	0	0
N34289	0	0	0
N55203	0	0	0
N28673	0	0	0
N64100	0	0	0
N9072	0	0	0
N26379	0	0	0
N47310	0	0	0
N24114	0	0	0
N9303	0	0	1
N35502	0	0	0
N23162	0	0	0
N14374	0	0	0
N26988	0	0	0
N40224	0	0	1
N20042	0	0	0
N38740	0	0	1
N38645	0	0	0
N23791	0	0	0
N52415	0	0	0
N55987	0	0	0
N57965	0	0	0
N61480	0	0	0
N4924	0	0	0
N20235	1	0	0
N38955	0	0	0
N22015	0	0	0
N63649	1	0	0
N64294	0	0	0
N45646	0	0	0
N17299	0	0	0
N47754	1	0	0
N954	0	1	0
N48066	1	0	0
N40551	0	0	1
N52014	0	0	0
N56518	0	0	0
N17244	0	0	0
N10195	1	0	0
N38455	0	0	0
N53716	0	0	1
N48127	0	0	0
N25520	1	0	1
N12724	0	0	0
N37823	0	0	0
N50636	0	0	0
N42812	0	0	0
N23539	0	0	0
N36900	0	0	0
N45286	0	0	0
N29835	0	0	0
N64737	0	0	1
N42389	0	0	0
N62201	0	0	0
N63067	0	0	0
N36270	1	0	0
N20413	0	0	0
N49330	0	0	1
N13794	0	0	0
N50028	0	0	1
N46668	0	0	1
N59349	0	0	0
N26203	0	0	1
N35809	0	0	0
N52301	0	0	0
N57020	0	0	0
N35953	0	0	0
N54020	0	0	0
N5995	0	0	0
N9526	0	0	0
N53978	0	0	0
N5248	0	0	1
N28889	0	0	0
N30229	0	0	0
N13113	0	0	0
N60978	0	0	0
N48038	0	0	1
N47140	0	0	0
N54849	0	0	0
N20282	0	0	0
N38798	0	0	0
N45388	0	0	0
N27938	0	1	1
N41045	0	0	0
N53713	0	0	0
N33335	0	0	0
N57859	0	0	0
N42926	0	0	0
N63441	0	0	0
N18011	0	0	0
N26724	0	0	0
N31712	0	0	0
N59045	0	0	0
N54116	0	0	0
N28886	0	0	0
N33807	0	0	0
N63457	0	0	0
N59689	0	0	0
N11079	0	0	1
N34363	0	0	0
N31093	1	0	0
N24799	0	0	0
N5321	0	0	0
N26334	0	0	0
N56556	0	0	1
N65163	0	0	1
N23592	0	0	0
N56714	0	0	0
N39562	0	0	0
N6694	0	0	0
N13074	0	0	0
N22160	0	0	0
N35092	0	0	0
N15420	0	0	0
N64193	0	0	0
N31391	0	0	0
N64218	0	0	0
N62023	0	0	0
N8473	0	0	0
N1522	0	0	0
N10583	0	0	0
N853	0	0	0
N21140	0	0	0
N18139	0	0	1
N30545	0	0	1
N56967	0	0	0
N303	0	0	0
N48284	0	0	1
N28893	0	0	0
N14411	0	0	0
N17143	0	0	0
N64211	0	0	0
N36106	0	0	0
N54964	0	0	0
N19825	0	0	1
N14096	1	0	0
N32114	0	0	0
N41377	0	0	0
N37875	0	0	0
N57958	0	0	0
N63909	0	0	0
N18431	0	0	0
N13536	0	0	0
N5937	0	0	0
N43295	0	0	0
N9074	0	0	0
N8000	0	0	0
N28252	0	0	0
N38824	0	0	0
N42148	0	0	0
N32352	0	0	0
N51643	0	0	0
N49924	0	0	0
N60462	0	0	0
N28687	0	0	0
N9051	0	0	0
N4189	0	0	1
N57725	0	0	0
N46870	0	0	0
N15753	0	0	0
N36038	0	0	0
N58385	0	0	0
N18950	0	0	1
N14066	0	0	0
N51062	0	0	0
N7846	0	0	0
N18743	0	0	0
N44526	0	0	0
N25574	0	0	0
N61974	0	0	0
N21144	0	0	0
N61309	0	0	1
N39101	0	0	0
N6395	0	1	0
N53060	0	0	0
N32025	0	0	0
N20936	0	0	0
N27572	0	0	0
N39185	0	0	0
N238	0	0	0
N46469	0	0	0
N6698	0	0	1
N43427	0	0	1
N20717	0	0	0
N61335	0	0	0
N23878	0	0	0
N42811	0	0	1
N58745	0	0	0
N20200	0	0	0
N36257	0	0	0
N4470	1	0	0
N38807	0	0	0
N42161	0	0	0
N21097	0	0	0
N60689	0	0	1
N16812	0	1	0
N61826	0	0	0
N49852	0	0	0
N1412	0	0	0
N55318	0	0	0
N11748	0	0	1
N36263	0	0	0
N20490	0	0	0
N21166	0	0	0
N19048	0	0	0
N53082	0	0	0
N5305	0	0	0
N27643	0	0	1
N52073	0	0	0
N31923	0	0	0
N30733	0	0	0
N23454	0	0	0
N16987	0	0	0
N53265	0	0	0
N29341	0	0	0
N43429	0	0	1
N59027	0	0	1
N59658	0	0	0
N6526	0	0	0
N29078	0	0	1
N90	0	0	0
N16696	0	0	0
N15232	0	0	1
N33351	0	0	0
N31882	0	0	0
N16997	0	0	0
N15760	0	0	0
N57644	0	0	1
N8250	0	0	0
N23495	0	0	0
N10327	0	0	0
N53118	0	0	0
N4122	0	0	1
N25269	0	0	0
N26283	0	0	0
N58193	0	0	0
N35217	0	0	0
N12460	0	0	0
N2349	0	0	0
N63295	0	0	0
N54347	0	0	1
N65229	0	0	0
N17996	0	0	0
N22981	0	0	1
N8078	0	0	0
N27288	0	0	0
N24722	0	0	0
N10717	0	0	1
N46048	0	0	0
N61523	1	0	0
N29699	0	0	0
N45879	0	0	1
N25557	0	0	0
N56451	0	0	0
N19131	0	0	0
N55710	0	0	0
N37737	0	0	0
N35404	0	0	0
N2655	0	0	0
N60830	0	0	0
N14428	0	0	0
N24972	0	0	0
N25761	0	0	0
N42019	0	0	0
N52801	0	0	0
N49289	0	0	0
N28921	0	0	0
N25662	0	0	0
N56156	0	0	0
N18030	0	0	0
N59163	0	0	0
N53116	0	0	0
N39064	0	0	0
N11037	0	0	1
N19007	0	0	0
N36737	0	0	0
N58701	0	0	0
N27269	0	0	1
N41683	0	0	0
N43466	0	0	0
N22011	0	0	0
N32333	0	0	0
N9560	0	0	0
N5622	0	0	0
N35801	0	0	0
N21391	0	0	1
N19674	0	0	0
N10655	0	0	0
N12159	0	0	0
N17303	0	0	1
N54763	0	0	0
N27937	0	0	0
N3969	0	0	0
N17952	0	0	1
N7498	1	0	1
N1524	0	0	0
N12173	0	0	1
N25787	0	0	0
N52859	0	0	0
N54464	0	0	0
N39831	0	0	0
N35701	0	0	0
N23005	0	0	0
N22023	0	0	0
N47819	1	0	0
N22156	0	0	0
N4012	0	0	0
N14944	0	0	0
N27373	0	0	0
N21989	1	0	1
N21693	0	0	0
N19548	0	0	1
N36482	0	0	0
N13401	0	0	1
N53240	0	0	0
N3760	0	0	0
N46527	0	0	0
N50902	0	0	1
N4591	0	0	1
N56324	0	0	1
N18774	0	0	0
N8598	0	0	0
N12142	0	0	1
N50498	0	0	1
N26205	0	0	0
N41276	0	0	0
N648	0	0	0
N16085	0	0	1
N62119	0	0	0
N49008	0	0	0
N60752	1	0	0
N40618	0	0	0
N48589	0	0	0
N17631	0	0	0
N19714	0	0	1
N40251	0	0	1
N26815	0	0	0
N64986	0	0	0
N34124	0	0	0
N23361	0	0	0
N25387	0	0	0
N61385	0	0	0
N8755	0	0	0
N3837	0	0	0
N17595	0	0	0
N63652	0	0	0
N32193	0	0	1
N28807	0	0	0
N64260	0	0	0
N5050	0	0	0
N9307	0	0	0
N258	0	0	0
N27780	0	0	0
N53024	0	0	0
N6792	0	0	0
N47960	0	0	0
N26039	0	0	0
N36669	0	0	0
N21846	0	0	0
N36819	0	0	0
N8248	1	0	0
N231	0	0	0
N21505	0	0	0
N21575	0	0	0
N38032	0	0	0
N12555	0	0	0
N33901	0	0	0
N57436	0	0	0
N50809	0	0	0
N35116	0	0	1
N4232	0	0	0
N42786	0	0	0
N13998	0	0	0
N15379	0	0	0
N57485	0	0	1
N10702	0	0	0
N10899	0	0	0
N37816	0	0	0
N1015	0	0	0
N43843	0	0	1
N20309	0	0	0
N4592	0	0	0
N42773	0	0	0
N50510	0	0	0
N54635	0	0	0
N37706	0	0	1
N63432	0	0	0
N10339	0	0	1
N16693	0	0	0
N39303	0	0	1
N17981	0	0	0
N2951	0	0	0
N14568	0	0	0
N31447	0	0	0
N64296	0	0	0
N23238	0	0	0
N10247	0	0	1
N8057	0	0	0
N11016	0	0	1
N24969	0	0	0
N18190	0	0	0
N15883	0	0	0
N50907	0	0	0
N62996	0	0	0
N63979	0	0	0
N53745	0	0	0
N36507	0	0	0
N49089	0	0	0
N13429	0	0	0
N42996	0	0	1
N17594	0	0	0
N52236	0	0	0
N43924	1	0	0
N32147	0	0	1
N54612	0	0	0
N57028	0	0	0
N18860	0	0	0
N32037	1	0	0
N47676	0	0	0
N19662	0	0	0
N20071	0	0	0
N11986	0	0	0
N2598	0	0	0
N26213	0	0	0
N40894	0	0	0
N16401	0	0	0
N59976	0	0	0
N59282	0	0	1
N18171	0	0	0
N904	0	0	0
N3002	0	0	0
N19577	0	0	0
N65173	0	0	0
N1908	0	0	0
N45932	0	0	1
N63059	0	0	0
N45734	0	0	0
N30688	0	0	0
N13000	0	0	1
N5826	0	0	0
N46929	1	0	0
N18746	0	0	0
N56372	0	0	0
N40166	0	0	0
N29583	0	0	0
N35033	0	0	0
N10824	0	0	1
N12958	0	0	0
N16368	0	0	0
N39277	0	0	0
N28158	0	0	0
N17004	0	0	0
N62000	0	0	0
N15862	0	0	1
N12684	0	0	1
N39995	0	0	0
N38871	0	0	1
N59635	0	0	0
N1881	0	0	1
N55645	0	0	0
N35349	0	0	1
N35672	0	0	0
N1340	0	0	0
N21608	0	0	0
N62281	0	0	1
N21799	0	0	0
N51450	0	0	0
N37271	0	0	0
N46627	0	0	0
N2126	0	0	0
N13190	0	0	0
N11812	0	0	0
N33796	0	0	0
N2245	0	0	0
N38687	0	0	0
N47636	0	0	0
N38152	0	0	0
N53943	0	0	0
N5531	0	0	0
N55656	0	1	0
N47218	0	0	0
N47495	0	0	1
N144	0	0	1
N25553	0	0	0
N2365	0	0	0
N53327	0	0	0
N35027	0	0	0
N13310	0	0	0
N16497	1	0	0
N34025	0	0	0
N22297	0	0	0
N45299	0	0	1
N7049	0	0	0
N6695	0	0	1
N61947	0	0	0
N37570	0	0	0
N6074	0	0	0
N61305	1	0	0
N30942	0	0	0
N5511	0	0	0
N16767	0	0	0
N18077	0	0	0
N1475	0	0	0
N44232	0	0	0
N35259	0	0	0
N53930	0	0	1
N29955	0	0	0
N55312	0	0	0
N18228	0	0	0
N35934	0	0	0
N25577	0	0	0
N3030	0	0	0
N14786	0	0	0
N15822	0	0	0
N21015	0	0	0
N44473	0	0	0
N45437	0	0	0
N16453	0	0	0
N21635	1	0	0
N31322	0	0	0
N14614	0	0	1
N61541	0	0	0
N24539	0	0	0
N8246	0	0	0
N31127	0	0	1
N2314	0	0	0
N46128	0	0	1
N17211	0	0	0
N57024	0	0	0
N61016	0	0	0
N49555	0	0	1
N3897	0	0	1
N23095	0	0	1
N31164	0	0	0
N21367	0	0	0
N17033	0	0	0
N52736	0	0	0
N30157	0	0	1
N26675	0	0	1
N38585	0	0	0
N50996	0	0	0
N31718	0	0	0
N46911	0	0	1
N54905	0	0	0
N50640	0	0	0
N8898	0	0	0
N6100	0	0	0
N62876	0	0	0
N25498	0	0	1
N27251	0	0	1
N57021	0	0	0
N10737	0	0	0
N50195	0	0	0
N42554	0	0	0
N32018	0	0	1
N3587	0	0	0
N43165	0	0	0
N10862	0	0	0
N34260	0	0	0
N34687	1	0	0
N48296	0	0	0
N20321	1	0	0
N52261	0	0	0
N44111	0	0	0
N55781	0	0	0
N31046	0	0	0
N24025	0	0	1
N38199	0	0	0
N12733	0	0	0
N11027	0	0	0
N57650	0	0	0
N4369	0	0	0
N33705	0	0	0
N51438	0	0	0
N44774	0	0	0
N52862	0	0	0
N62904	0	0	1
N61534	1	0	0
N43327	0	0	0
N11891	0	0	0
N20108	0	0	0
N33171	0	0	0
N42236	0	0	1
N10485	0	0	0
N49587	0	0	0
N992	0	0	0
N24500	0	0	1
N42009	0	0	0
N53313	0	0	0
N42310	0	0	0
N61799	0	0	0
N7098	0	0	1
N46582	0	0	0
N37869	0	0	0
N43704	0	0	0
N14172	0	0	0
N43482	0	0	1
N56507	0	0	0
N44135	1	0	0
N58428	0	0	0
N54856	1	0	0
N54968	0	0	0
N33287	0	0	0
N21612	0	0	1
N46954	0	0	0
N19792	0	0	0
N47594	0	0	0
N40022	0	0	0
N63537	0	0	0
N23171	0	0	0
N5862	0	0	0
N8217	0	0	0
N46861	0	0	0
N37412	0	0	1
N29903	0	0	0
N41897	1	0	0
N25166	0	0	0
N51838	0	0	0
N2028	0	0	0
N24034	0	0	0
N28996	0	0	0
N57738	0	0	0
N3056	0	0	0
N52605	0	0	0
N40178	0	0	1
N52195	0	0	0
N14536	0	0	0
N35342	0	0	0
N34075	0	0	0
N19362	0	0	0
N44698	0	0	0
N23676	0	0	0
N42547	0	0	0
N8581	0	0	1
N33241	1	0	1
N33989	0	0	0
N35381	0	0	0
N45774	0	0	0
N7086	0	0	0
N44954	1	0	0
N63715	0	0	0
N48995	0	0	0
N35819	0	0	0
N63620	0	0	0
N49710	0	0	0
N6305	0	0	0
N15478	0	0	1
N56261	0	0	1
N56844	0	0	0
N33255	0	0	0
N63622	0	0	1
N51046	0	0	0
N13133	0	0	0
N41752	0	0	0
N31669	0	0	0
N31793	0	0	0
N9581	0	0	1
N42512	0	0	0
N45665	1	0	0
N7510	0	0	0
N50486	0	0	0
N8074	0	0	0
N4146	0	0	0
N5642	0	0	1
N52919	0	0	0
N22559	0	0	0
N52915	0	0	0
N61568	0	0	0
N2237	0	0	0
N25792	0	0	0
N63716	0	0	0
N43663	0	0	1
N52215	0	1	1
N46868	0	0	0
N1941	0	0	0
N34621	0	0	0
N3028	0	0	0
N58215	0	0	1
N16295	0	0	0
N11794	0	0	0
N49663	0	0	0
N15139	0	0	1
N50563	0	0	0
N8997	0	0	0
N35703	0	0	0
N41698	0	0	0
N18079	0	0	1
N42700	0	0	0
N64752	0	0	0
N61348	1	0	0
N27089	0	0	0
N56079	0	0	0
N13866	0	0	0
N29561	0	0	0
N8635	0	0	0
N32008	0	0	0
N24302	0	0	0
N45686	0	0	0
N46522	0	0	0
N46795	1	0	1
N29861	0	0	0
N41680	0	0	0
N9890	0	0	1
N6734	0	0	0
N12367	0	0	0
N28105	0	0	1
N6000	0	0	0
N36499	0	0	0
N11471	0	0	0
N16106	0	0	0
N32074	0	0	0
N41214	0	0	1
N55280	0	0	0
N21231	0	0	1
N8005	0	1	0
N57100	0	0	0
N64122	0	0	1
N451	0	0	0
N29479	0	0	0
N58375	0	0	0
N8851	0	0	0
N58283	0	0	0
N15636	0	0	0
N42667	0	0	1
N24101	0	0	0
N54208	0	0	0
N31727	0	0	0
N7475	0	0	1
N4127	0	0	0
N62859	0	0	0
N28178	1	0	0
N14817	0	0	0
N25250	0	0	0
N41433	0	0	0
N59426	0	0	0
N13996	0	0	0
N26625	0	0	1
N36998	0	0	0
N11320	0	0	0
N27131	0	0	1
N42394	0	0	0
N30457	0	0	0
N10768	1	0	0
N16014	0	0	0
N56912	0	0	0
N23124	0	0	0
N52270	1	0	1
N38552	0	0	0
N38087	0	0	0
N40369	0	0	0
N63171	0	0	0
N48600	0	0	1
N31114	0	0	1
N61066	0	0	1
N33513	0	0	0
N2250	0	0	1
N56171	0	0	0
N34767	0	0	1
N60673	0	0	0
N40073	0	0	0
N50849	0	0	0
N38038	0	0	0
N14765	0	0	0
N9170	0	0	0
N65006	0	0	1
N14939	1	0	0
N3707	0	0	0
N50604	0	0	0
N22859	0	0	1
N55137	0	0	0
N18699	0	0	1
N32510	0	0	0
N20488	0	0	0
N25835	0	0	0
N36761	0	0	1
N37479	0	0	0
N62403	0	0	0
N8477	0	0	0
N8844	0	0	1
N15068	0	0	0
N26426	0	0	0
N7553	0	0	0
N5905	0	0	0
N25957	0	0	0
N7028	0	0	0
N62900	0	0	0
N62543	0	0	0
N57397	0	0	0
N26335	0	0	0
N63709	0	0	0
N27427	1	0	0
N11777	0	0	1
N2656	0	0	1
N43791	0	0	1
N5344	0	0	0
N12063	0	0	0
N26581	0	0	0
N22636	0	0	0
N12011	0	0	0
N43087	0	0	1
N56337	0	0	0
N3930	0	0	0
N54908	0	0	0
N18351	0	0	0
N53979	0	0	0
N10962	0	0	0
N51837	0	0	0
N63869	0	0	0
N27524	0	0	1
N8681	0	0	0
N45411	0	0	0
N2189	0	0	0
N21791	0	0	0
N58273	0	1	0
N17843	0	0	0
N61275	0	0	0
N30504	0	0	0
N2897	0	0	0
N24046	0	0	0
N44752	0	0	1
N42274	0	0	0
N56490	0	0	0
N2855	0	0	0
N18752	0	0	0
N18162	0	1	1
N53393	0	0	1
N31935	0	0	0
N43980	0	0	1
N47312	0	0	0
N54419	0	0	0
N21475	0	0	0
N28296	1	0	0
N58497	0	0	0
N55546	0	0	0
N48150	0	0	0
N27457	0	0	0
N48308	0	0	1
N55233	0	0	0
N16311	0	0	0
N47969	0	0	0
N44440	0	0	0
N58078	0	0	0
N56592	0	0	1
N48788	0	0	0
N20362	0	0	0
N35395	0	0	0
N6402	0	0	0
N1841	1	0	0
N54682	0	0	0
N34909	0	0	0
N11451	0	0	0
N52518	0	0	0
N1845	0	0	0
N28181	0	0	0
N52917	0	0	0
N42054	0	0	1
N40165	0	0	0
N58665	0	0	0
N29005	0	0	0
N55478	0	0	0
N8836	0	0	0
N60433	0	0	1
N31999	0	0	1
N36407	0	0	0
N34194	0	0	0
N47680	0	0	1
N22801	0	0	0
N45074	0	0	0
N28906	0	0	1
N18153	0	0	0
N51711	0	0	0
N43597	0	0	0
N19152	0	0	1
N8562	0	0	0
N37133	0	0	0
N45851	1	0	0
N47946	0	0	0
N18957	0	0	0
N19084	0	0	0
N58178	0	0	0
N58234	0	0	0
N58384	0	0	0
N5160	0	0	0
N47413	0	0	0
N25857	0	0	0
N1637	0	0	0
N5674	0	0	0
N47308	0	0	0
N31340	0	0	0
N34779	0	0	1
N56002	0	0	0
N9828	0	0	1
N5687	0	0	0
N14207	0	0	1
N62038	0	0	0
N28040	0	0	0
N39654	0	0	0
N5779	0	0	0
N48482	0	0	0
N17154	0	0	1
N2585	0	0	0
N50899	0	0	0
N54193	0	0	0
N48300	0	0	0
N61576	0	0	0
N56963	0	0	0
N4894	0	0	0
N43740	0	0	0
N31247	0	0	0
N54970	0	0	0
N29094	1	0	0
N30220	0	0	0
N1316	0	0	0
N54551	0	0	1
N8683	0	0	0
N1286	0	0	0
N9127	0	0	0
N45036	0	0	0
N22874	0	0	0
N48912	0	0	0
N50558	1	0	0
N55742	0	0	1
N23703	0	0	1
N17521	1	0	1
N15141	0	0	0
N62710	1	0	0
N30705	0	0	0
N23436	0	0	0
N55892	0	0	0
N15978	0	0	0
N15577	0	0	0
N59924	0	0	1
N61455	0	0	0
N15992	0	0	0
N61172	0	0	1
N12187	0	0	0
N566	0	0	0
N58278	0	0	0
N1519	0	0	1
N33652	0	0	0
N19762	0	0	0
N33597	0	0	0
N5814	0	0	0
N28241	0	0	0
N25686	0	0	0
N17522	0	0	0
N18031	0	0	0
N8825	0	0	1
N51153	1	0	0
N31650	0	0	0
N16109	0	0	1
N2296	0	0	1
N42130	0	0	0
N10144	0	0	0
N24231	0	0	0
N60119	0	0	0
N35640	0	0	0
N3937	1	0	1
N49638	0	0	0
N43399	0	0	0
N56853	0	0	1
N38403	0	0	1
N5462	0	0	0
N15710	0	0	1
N39579	1	0	0
N33396	0	0	0
N61310	0	0	0
N27094	0	0	0
N21766	0	0	0
N49524	0	0	1
N36290	0	0	1
N18666	0	0	0
N41522	0	0	0
N38431	0	0	0
N26289	0	0	0
N63969	0	0	0
N29367	0	0	0
N15801	0	0	0
N7521	0	0	0
N26753	0	0	0
N29209	0	0	0
N23756	0	0	1
N27748	0	0	0
N53818	0	0	0
N11029	0	0	1
N60505	0	0	0
N12983	0	0	0
N46678	0	0	1
N36246	0	0	0
N22519	0	0	0
N45387	1	0	0
N13781	0	0	0
N52794	0	0	0
N21352	0	0	0
N45621	0	0	0
N14908	0	0	0
N62337	0	0	1
N43180	0	0	0
N35543	0	0	0
N32271	0	0	0
N37386	1	0	0
N29951	0	0	0
N49422	0	0	0
N44094	0	0	0
N43542	1	0	0
N21873	0	0	0
N34150	0	0	0
N64088	0	0	1
N40919	0	0	0
N52541	0	0	0
N25864	0	0	0
N1146	0	0	1
N31365	0	0	0
N18195	0	0	0
N24626	0	0	0
N37720	0	0	0
N5719	0	0	0
N25265	0	0	0
N4079	0	0	0
N27953	0	0	0
N10897	0	0	0
N41918	0	0	0
N150	0	0	1
N60241	0	0	0
N13875	0	0	0
N49126	0	0	0
N18220	0	0	0
N4358	0	0	0
N15941	0	0	0
N4746	0	0	0
N8625	0	0	1
N37209	0	0	0
N9112	1	0	0
N41351	0	0	0
N20483	0	0	0
N33895	0	0	0
N16511	0	0	0
N53631	0	0	0
N57153	0	0	0
N34780	0	0	0
N32292	0	0	0
N21682	0	0	0
N41159	0	0	0
N61458	0	0	0
N47472	0	0	0
N62164	0	0	0
N31324	0	0	0
N6071	0	0	0
N19622	0	0	0
N44270	1	0	0
N36536	0	0	0
N49434	0	0	0
N61789	0	0	0
N48121	0	0	0
N46831	0	0	1
N31967	0	0	0
N64186	0	0	0
N39653	0	0	0
N6482	0	0	0
N40226	0	0	1
N34330	0	0	1
N18599	0	0	0
N43669	0	0	1
N51551	0	0	0
N33070	0	0	0
N11880	0	0	0
N35637	0	0	0
N44838	0	0	0
N4027	0	0	0
N63430	0	0	1
N24656	0	0	0
N8972	0	0	1
N13767	0	0	0
N15640	0	0	0
N31970	0	0	0
N54009	1	0	0
N37578	0	0	0
N21872	0	0	0
N50760	0	0	0
N27551	0	0	0
N13925	0	0	0
N19512	0	0	0
N37728	0	0	0
N33352	0	0	0
N15814	0	0	1
N11046	0	0	1
N62431	0	0	0
N20583	0	0	1
N44719	0	0	0
N54833	0	0	1
N54007	0	0	0
N16185	0	0	0
N22387	0	0	1
N43144	0	0	0
N36256	0	0	0
N10816	0	0	0
N36551	0	0	0
N48369	0	0	0
N5356	0	0	0
N54990	0	0	0
N7022	0	0	0
N61518	0	0	0
N57052	0	0	0
N13273	0	0	0
N17733	0	0	1
N18834	0	0	0
N51672	0	0	0
N39879	0	0	1
N58975	0	0	0
N59322	0	0	0
N26749	0	0	0
N14206	0	0	0
N59134	0	0	1
N23229	0	0	1
N29732	1	0	0
N46636	0	0	0
N17564	0	0	0
N30796	0	0	1
N30700	0	0	0
N52328	0	0	1
N7722	0	0	0
N62359	0	0	0
N43587	0	0	0
N17068	0	0	0
N56441	0	0	0
N8406	0	0	1
N29186	0	0	0
N20774	0	0	0
N44798	0	0	0
N15512	0	0	0
N35315	0	0	0
N32924	1	0	0
N48279	1	0	0
N25707	0	0	0
N11767	0	0	0
N40834	0	0	0
N34338	0	0	0
N188	0	0	0
N37597	0	0	0
N13561	0	0	0
N28027	0	0	0
N54201	0	0	0
N57934	0	0	1
N22461	0	0	0
N36171	0	0	1
N4467	0	0	1
N63104	0	0	0
N4651	0	0	0
N6343	0	0	1
N26544	0	0	0
N7727	0	0	1
N3108	0	0	1
N32028	0	0	0
N22367	0	0	0
N47210	0	0	0
N31108	0	0	0
N18720	0	0	0
N8880	0	0	0
N45778	0	0	0
N62017	0	0	1
N39406	0	0	0
N27839	0	0	0
N23122	0	0	0
N37871	0	0	0
N53482	0	0	0
N45580	0	0	0
N37730	0	0	0
N62786	0	0	0
N45020	0	0	0
N27039	0	0	0
N23022	0	0	0
N13588	0	0	0
N4885	0	0	0
N2184	0	0	1
N5759	0	0	0
N16640	0	0	0
N23145	0	0	0
N34943	0	0	0
N6830	0	0	0
N29136	0	0	0
N28806	0	0	0
N7116	0	0	1
N10140	0	0	1
N36835	0	0	0
N14349	0	0	0
N58972	0	0	0
N41531	0	0	0
N19650	0	0	0
N40198	0	0	0
N10939	1	0	0
N12177	0	0	0
N56345	0	0	0
N3554	0	0	0
N36664	0	0	0
N31916	0	0	0
N55358	0	0	1
N38111	0	0	0
N876	0	0	0
N45050	0	1	0
N16553	1	0	0
N6045	0	0	0
N44024	0	0	0
N53520	0	0	0
N33741	0	0	0
N5773	0	0	1
N51637	0	0	0
N41580	0	0	0
N57619	0	0	1
N59299	0	0	0
N58218	0	0	0
N8471	0	0	0
N46820	0	0	0
N59057	0	0	0
N5840	0	0	0
N41720	0	0	0
N13318	0	0	0
N37103	0	0	0
N50820	0	0	0
N2192	0	0	0
N64572	0	0	0
N14785	0	0	1
N60899	0	0	0
N1218	0	0	0
N31218	0	0	1
N40951	0	0	0
N52833	0	0	0
N8687	0	0	0
N20430	0	0	0
N20502	1	0	0
N6689	0	0	0
N63409	0	0	0
N23849	0	0	0
N11075	0	1	1
N15328	0	0	0
N7891	0	0	0
N18542	0	0	0
N44037	0	0	0
N11445	0	0	0
N33431	0	0	0
N3120	0	0	0
N19991	0	0	0
N34619	0	0	0
N16227	0	0	1
N53987	0	0	1
N14662	0	0	0
N3749	0	0	0
N61054	0	0	0
N666	0	0	0
N47012	0	0	0
N9191	0	0	0
N50768	0	0	0
N32820	0	0	0
N56437	0	0	0
N35086	0	0	0
N3926	0	0	0
N41284	0	0	0
N1978	0	0	0
N55134	0	0	0
N4721	0	0	1
N50506	0	0	0
N61972	1	0	0
N50722	0	0	0
N41252	0	0	0
N27346	0	0	0
N29982	0	0	0
N53032	0	0	0
N36861	0	0	0
N11700	1	0	0
N10838	0	0	1
N60949	0	0	1
N36790	0	0	0
N58522	0	0	1
N3886	0	0	0
N6511	0	0	0
N13351	0	0	0
N47541	0	0	1
N20697	0	0	0
N18835	0	0	0
N59842	0	0	0
N31146	0	0	0
N1804	0	0	1
N39365	0	0	0
N669	0	0	0
N56271	0	1	0
N63286	0	0	0
N14452	0	0	0
N22276	0	0	0
N4899	0	0	0
N551	0	0	0
N9843	0	0	1
N19000	0	0	0
N31126	0	0	0
N60137	0	0	0
N55278	0	0	0
N22	0	0	0
N41211	0	0	0
N48222	0	0	0
N34129	0	0	1
N52066	0	0	0
N24555	0	0	0
N49817	1	0	0
N57700	1	0	0
N5936	0	1	0
N51047	0	0	0
N57376	0	0	0
N49996	0	0	0
N41985	0	0	0
N12723	0	0	0
N16334	0	0	0
N35792	0	0	0
N15734	0	0	0
N26318	0	0	0
N49275	0	0	0
N42401	1	0	0
N31895	0	0	0
N56514	0	0	0
N33616	0	0	0
N14936	0	0	0
N3596	0	0	0
N23048	0	0	0
N3480	0	0	0
N28583	0	0	0
N8745	0	0	0
N47026	1	0	0
N53264	0	0	0
N61089	0	0	0
N5585	0	0	0
N13828	0	0	0
N36954	0	0	0
N34422	0	0	0
N19692	0	0	0
N44612	0	0	1
N16448	0	1	1
N45698	0	0	0
N18540	0	0	0
N38920	0	0	0
N5954	0	1	0
N44517	0	0	0
N28728	0	0	0
N40981	0	0	0
N31880	0	0	0
N50149	0	0	0
N18831	0	0	0
N64574	0	0	0
N56732	0	0	0
N19739	0	0	0
N55160	0	0	1
N7804	0	0	0
N44984	0	0	0
N14250	0	0	0
N33559	0	0	0
N43536	0	0	0
N18787	0	0	0
N63062	0	0	0
N29823	0	0	0
N52847	0	0	0
N26644	0	0	0
N50581	0	0	1
N63501	0	0	0
N24528	0	0	0
N4949	0	0	0
N55468	0	0	0
N28154	0	0	0
N14174	0	0	0
N37178	0	0	0
N53396	0	1	0
N42359	0	0	0
N40077	0	0	0
N8122	0	0	0
N9649	0	0	0
N12279	0	0	0
N50172	0	0	0
N49861	0	0	1
N62021	0	0	0
N18609	0	0	0
N11450	0	0	1
N7812	1	0	0
N30983	0	0	1
N24580	0	0	0
N56089	0	0	0
N57426	1	0	0
N32275	0	0	0
N64219	0	0	1
N26874	0	0	0
N22326	0	0	0
N10567	1	0	1
N51308	0	0	0
N18465	0	0	0
N64268	0	0	0
N18641	0	0	0
N62397	0	0	0
N11264	1	0	0
N52945	0	0	0
N8587	0	0	0
N2267	0	0	0
N13807	0	0	0
N62661	0	0	0
N58277	0	0	0
N36620	1	0	0
N63623	0	0	0
N51116	0	0	0
N1241	1	0	0
N680	0	0	0
N47095	0	0	0
N6466	0	0	0
N53137	0	0	1
N17481	0	0	1
N63632	0	0	0
N63302	0	0	0
N286	0	0	1
N36075	0	0	0
N49560	0	0	0
N24009	0	0	0
N32939	0	0	1
N23890	0	0	0
N31246	0	0	0
N36853	0	0	0
N49073	0	0	0
N30221	0	0	0
N14554	0	0	0
N2893	0	0	0
N25945	0	0	0
N49402	0	0	0
N36193	0	0	0
N35834	0	0	0
N15701	0	0	0
N63554	0	0	0
N9045	0	0	0
N42299	0	0	0
N41025	0	0	1
N30452	0	0	1
N14750	0	0	0
N55901	0	0	0
N19774	0	0	0
N44441	0	0	0
N50808	0	0	0
N11960	0	0	0
N38577	0	0	0
N54550	0	0	0
N34449	0	0	1
N45218	0	0	0
N13388	0	0	0
N37273	1	0	0
N15517	0	0	1
N43417	0	0	0
N1670	0	0	0
N30303	0	0	0
N42470	0	0	0
N30806	0	0	1
N17429	0	0	0
N9508	0	0	0
N30211	0	0	0
N25778	0	0	1
N27812	0	0	0
N33216	0	0	1
N40687	0	0	0
N46440	0	0	0
N23636	0	0	0
N3681	0	0	0
N64847	0	0	0
N38394	0	0	0
N32397	0	0	1
N28010	0	0	1
